Address Code,Address Title,Address Line 1,Address Line 2,City,Postal Code,Origin Address
2803,RELIANCE RETAIL LTD UDAIPUR,"(2803), PLOT NO. 176A TAK COMPLEX FATEHPURA SCHEME FATEHPURA MAIN ROAD, UDAIPUR RAJASTHAN",,UDAIPUR,313001,TRUE
6205,CROWN INTERIORZ MALL,"CROWN INTERIORZ MALL 12/7, SECTOR-35, 21KM STONE, NH-2, NEAR SARAI KHWAJA, DELHI MATHURA ROAD, FARIDABAD, HARYANA, PIN NO - 121003",,FARIDABAD,121003,TRUE
6703,SMART MANEK LAL ROAD NAVSARI,"RELAINCE SUPER, OPP. HEAD POSTOFFICE, NR SANDHKUVA POLICE STATION, MANEKLAL ROAD",,NAVSARI,396445,TRUE
8909,RRL CDIT ORION BUSINESS PARK,RELIANCE RETAIL LIMITED GROUND FLOR NEXT TO CINEWOUNDER MALL GB ROAD THANE GB ROAD THANE,,MUMBAI,400607,TRUE
9380,PL DMK AGRO COLD STORE RABALE,NAVI MUMBAI,,NAVI MUMBAI,400001,TRUE
382220,RAMDEV FOOD PRODUCTS PVT LTD,"RAMDEV SPICE WORLD, CHANGODER",,BAVLA,322220,TRUE
600124,HERBAL CONCEPTS,"PLOT NO. 2, SECTOR 1A, INTEGRATED INDUSTRIAL ESTATE, SIDCUL, 249403",,HARIDWAR,249403,TRUE
834010,NAMKUM INDUSTRIAL AREA,"AT: 10-P, NAMKUM INDUSTRIAL AREA, OPP. AAJ PRESS, RANCHI - 834010",,RANCHI,834010,TRUE
847234,M/S PANDOUL FLOUR MILLS PVT LTD.,"AT- PLOTE NO.-123, 125 & 127 PANDOUL INDUSTRIAL AREAPO/PS Â€“ PANDOUL, MADHUBANI SADAR, MADHUBANI, BIHAR - 847234",,MADHUBANI,847234,TRUE
10004443,SHREE AMBAJI FOOD PRODUCTS PVT LTD,RANCHI,,RANCHI,,TRUE
10023414,JEWEL CONSUMER CARE PVT LTD,"JEWEL CONSUMER CARE PVT LTD SUBHAAG B 15 16 RAMIN PARK OLD PADRA ROAD VADODARA, GUJARAT",,VADODARA,390020,TRUE
10037115,JEETMAL LAKHMICHAND,KRISHI UPAJ MANDI,,ASHTA,466116,TRUE
10070498,ASIAN LAKTO INDUSTRIES LTD,"VPO JANDIALI, NEAR KOHARA, CHANDIGHAD ROAD, LUDHIANA",,LUDHIANA,141001,TRUE
10129676,BIKANERVALA FOODS PVT LTD,"BIKANERVALA FOODS PRIVATE LIMITED M MURAD GARHI, YAMUNA EXPRESSWAY INDUSTRIAL DEVELOPMENT AREA NOIDA UP UTTAR PRADESH",,NOIDA,203209,TRUE
10135484,V.L.S. FOODS PVT LTD,"V.L.S. FOODS PVT LTD, H-1-1550 PH-I RICO INDL. AREA, BHIWADI DISTT. ALWAR, RAJASTHAN",,BHIWADI,301019,TRUE
10149446,VINOD KUMAR AND BROTHERS PVT LTD.,HARIDWAR,,HARIDWAR,,TRUE
10156959,ASHIRWAD OILS PVT LTD,"E 374 PHASE I, INDUSTRIAL AREA BHIWADI, ALWAR RAJASTHAN",,BHIWADI,301019,TRUE
10178928,HITKARI GRAM UDYOG SANGH,"VPO ISMAILLA 18 57 KM STONE DELHI ROHTAK ROAD ROHTAK ROHTAK, HARYANA INDIA PH",,ROHTAK,124001,TRUE
10187250,AKASH YOG HEALTH PRODUCTS PVT LTD,PLOT NO 03 SECTOR 1B IIE UTTARAKHAND SIDCUL HARIDWAR,,HARIDWAR,249403,TRUE
10192201,WINGS AGRO PVT LTD,"AT: S. NO 188, N.H.NO.8 -B, OPP. EVEREST FERTILIZER, AMUL CASTING STREET, VERAVAL (SHAPAR) TA. KOTDA SANGANI, RAJKOT (GUJARAT)",,RAJKOT,360024,TRUE
10199000,RAJEEV INDUSTRIES 36 INDUSTRIAL AREA,"RAJEEV INDUSTRIES TRILOKPUR ROAD KALA AMB KALA AMB SI SIRMAUR, HIMACHAL PRADESH INDIA",,SIRMAUR,171226,TRUE
10204267,DEEP GREEN INCORPORATION,"B-267, SECTOR-3, BAWANA INDUSTRIAL AREA, BAWANA, DELHI",,DELHI,110039,TRUE
10216942,ALOK INDUSTRIES,SILVASSA,,SILVASSA,396230,TRUE
10273893,VARK SNACK FOOD PVT LTD,"SP 1192 F RIICO INDUSTRIAL AREA PHASE IV, BHIWADI ALWAR, RAJASTHAN",,ALWAR,301019,TRUE
10281327,MEERUT PACKAGING INDUSTRIES,"KHASRA NO 740, 741, 745 & OTHERS, VILLAGE MUSSIORIE, NH-119, MAWANAROAD",,MEERUT,250002,TRUE
10296725,SWG INDUSTRIES LTD,UDHAM SINGH NAGAR,,UDHAM SINGH NAGAR,,TRUE
10305529,INDOCHEM,"INDO CHEM LABORATORIES ; A-2/2 INDUSTRIAL AREA, GORWA, VADODARA, GUJARAT INDIA ; MFG LIC NO GC/1202",,VADODARA,390016,TRUE
10348418,KAYEM FOOD INDUSTRIES PVT LTD,"PLOT NO. 2244-47, HSIIDC, INDUSTRIAL ESTATE, RAI SONIPAT, KAYEM FOOD, SONIPAT",,SONIPAT,131029,TRUE
10348425,KUMAR AGRO FOODS,"SURVEY NO 40, KUMAR COMPOUND, SOANSHIV VILLAGE, WADA TILSA ROAD, TALUKA WADA, DIST-PALGHAR, THANE, MAHARASHTRA",,THANE,421303,TRUE
10348434,BHAWANI SILICATE INDUSTRIES,A - 7 GANGWAL PARK JAIPUR,,JAIPUR,302004,TRUE
11100895,ABSTRACT MANNEQUINS,"ABSTRACT MANNEQUINS PVT LTD., PLOT NO 12 HEMLA INDUSTRIAL ESTATE, FARIDABAD : HR",,FARIDABAD,121001,TRUE
20001741,JAINAM INVAMED PVT LTD,"111/112, SHUBH INDUSTRIAL ESTATE, NEAR CHINCHPADA BUS STOP, WALIV ROAD, VASAI EAST Â€“ 401208, PALGHAR, MAHARASHTRA",,PALGHAR,103230,TRUE
20005115,RELISH FOODS,"KILERAMA, KHASRA NO 128 VILLAGE DALPATPURA, NEAR JATAKHEDA ROAD INDORE BHOPAL HIGHWAY, ASHTA, ASHTA MADHYA PRADESH",,ASHTA,466116,TRUE
29000563,BIKANERWALA FOOD PVT LTD,"KHASRA NO 1765, 66, 68, 69, 70, 71, 72, 73, 74, 75, 1872, 1873/2 &1874/2, VILLAGE JATOLA, TEHSIL KHARKHAUDA, KHARKHODA, SONIPAT, HARYANA",,SONIPAT,131 402,TRUE
30100885,VIDEOTEX INTERNATIONAL PVT LTD,"VIDEOTEX INTERNATIONAL (P)T LTD.75/4, KASNA 1, ECOTECH-1 EXTENSION 1, GAUTAM BUDDHA NAGAR, UTTAR PRADESH",,NOIDA,201310,TRUE
30108460,AMBER ENTERPRISES (INDIA) PVT LTD,"AMBER ENTERPRISES (INDIA) PVT LTD, P 14, STREET 1, SECTOR 3 MET INDUSTRIEAL COLOLNY, JHAJJAR GURGAON ROAD DISTT. JHAJJAR, JHAJJAR HARYANA INDIA",,JHAJJAR,124103,TRUE
30108484,DIXON TECHNOLOGIES (INDIA) LTD,"DIXON TECHNOLOGIES, C-3/1CENTRAL HOPE TOWN INDUSTRIAL AREA SELAQUI, DEHRADUN, UTTARANCHAL, 248197",,DEHRADUN,248197,TRUE
30108556,PG ELECTROPLAST PVT LTD,"PG ELECTROPLAST PVT LTD, KHASRA NO 268 AND 275, 15TH MILESTO, ROORKEE - DEHRADUN NATIONAL HIGHWAY, VILL-RAIPUR, PARGANA-BHAGWANPUR, HARIDWAR UTTARANCHAL",,ROORKEE,247667,TRUE
30109349,WESTWAY ELECTRONICS LTD,"SECTOR 84 GAUTAM BUDDHA NAGAR, A-001D UTTAR PRADESH, INDIA",,NOIDA,201305,TRUE
30304770,CREATIVE GARMENTS PVT LTD,"SURVEY/PLOT NO. 440/1, 2, 3, 443/1, 2, 482/1, 2, 3, 482/4&5 ( 1ST, 2ND FLR&EXCEPT 358.325 SQM.IN GR.FLR)482/2, NR.DABHELCHECK POST, DABHEL DAMAN & DNH",,DAMAN & DIU (UT),396210,TRUE
30307006,"NYLON HOSIERY MILLS, LUDHIANA","B-32, E14/2004, GURBAX NAGAR, NEAR METRO G.T. ROAD. JALANDHER BYE PASS, LUDHIANA",,LUDHIANA,141008,TRUE
30309438,ALOK INDUSTRIES LTD,"SURVEY NO 148, 149, 150, 143/1, MORAI, VALSAD",,VAPI,396191,TRUE
30312412,KAILASH FAB PRINT,"PLOT NO.-2, SERVE NO. 112PA, YAS WAY BRDG., STREET, DHORAJI ROAD, JETPUR",,JETPUR,360370,TRUE
30402832,DAZZLE FOOTWEAR,"SELAQUI, DEHRADUN, SELAQUI",,DEHRADUN,248197,TRUE
30403131,BAHADURGARH,"SUPER KICKS, PLOT NO. 168, SECTOR 16, HSIIDC, BAHADURGARH, JAHAJJR, HARYANA",,BAHADURGARH,124507,TRUE
30403412,KALZADO INITIATIVES LLP,"CENTRAL, HOPE TOWN KHASRA NO 323 MI TEHSIL, VIKAS NAGAR, SELAQUI SARA INDUSTRIAL ESTATE, DEHARADUN",,DEHRADUN,248197,TRUE
30850026,"SURVEY NO 216 , SHREE NATH ESTET,MAHADEV COMPLEX","SHAHVADI GAM, NAROL, AHMEDABAD",,AHMEDABAD,382405,TRUE
30850086,ALSTEN ENTERPRISES,PLOT NO. 848 & 849 MIE PART - A BAHADURGARH HARYANA,,BAHADURGARH,124507,TRUE
30850092,OM POLYMERS,1404 &1417 MIE PART-B BAHADURGARH ( H.R,,BAHADURGARH,124507,TRUE
30850635,SKG PLASTICS PVT LTD,"PLOT NO 267, SECTOR-17, FOOTWEAR PARK, BAHADURGARH, HARYANA",,BAHADURGARH,124507,TRUE
30852011,RASHI NX,"413, SAI DARSHAN MARKET, RING ROAD",,SURAT,395002,TRUE
32000107,PRAGATI HANDICRAFTS,"PRAGATI HANDICRAFTS 7/3216, DHOBISHERI SAIYEDPURA, NR. RAMPURA PETROL PUMP SURAT SURAT, GUJARAT",,SURAT,395003,TRUE
32000371,RRL TRENDS JAIPUR,"180 GANGA VIHAR COLONY, MANGYAWAS. NEAR BHARAT MATA CIRCLE, MANSAROVER, JAIPUR, RAJASTHAN",,JAIPUR,302020,TRUE
32000768,JIYA WOODS FURNITURE,"OM SHANTI COMPLEX, NEAR LLDC BHUJ-BACHAU HIGHWAY, OPP. ANCHOR CO VILL. AJRAKHPUR, BHUJ, KUTCH GUJARAT",,BHUJ,370105,TRUE
32000828,"F 199, EPIP, SITAPURA, JAIPUR","F 199, EPIP, SITAPURA, JAIPUR (RAJ) INDIA",,JAIPUR,302022,TRUE
32000829,SAMARTH ENTERPRISES,"F-92, PRAHLADPURA INDUSTRIAL AREA, SITAPURA, JAIPUR, RAJASTHAN",,JAIPUR,302022,TRUE
32000830,LILADHAR CRAFTS,"PLOT NO.8-9, RAM RATAN COLONY B MUKUNDPURA ROAD, BHANKROTA JAIPUR RAJASTHAN",,JAIPUR,302026,TRUE
32000837,JAIN SHWETAMBER,"MOORTI KALA KENDRA, 1975, 4TH CROSSING KHANJANE WALON KA RASTA, CHANDPOL JAIPUR RAJASTHAN",,JAIPUR,302001,TRUE
32001092,RAM GOPAL BLUE POTTERY,"81, VISHNU GARDEN OPP. SANGANER AIRPORT TONK ROAD JAIPUR, RAJASTHAN",,JAIPUR,302029,TRUE
32001135,LIVING COCOON RETAIL LTD,F-191 SITAPURA INDUSTRIES AREA JAIPUR RAJASTHAN,,JAIPUR,302022,TRUE
32001152,RAMESH HANDICRAFTS,"70, OLD AMER ROAD, JDA MARKET, KANWAR NAGAR, OPP. VIJAY SENIOR SCHOOL, JAIPUR, RAJASTHAN",,JAIPUR,302002,TRUE
32001157,ABHINAV CRAFT,"F-2150/2151, RIICO INDUSTRIAL AREA RAMCHANDRAPURA, SITAPURA",,SITAPURA,302022,TRUE
32001159,RK DESIGN,"56, BUS STAND, VILL KHORA SHYAMDAS, TEHSIL AMER JAIPUR RAJASTHAN",,JAIPUR,303704,TRUE
32001249,SANTOSH MARBLE HANDICRAFT,"176, LAXMI VATIKA, HATHOJ VILLAGE, KALWAD ROAD, JAIPUR, RAJASTHAN",,JAIPUR,302012,TRUE
32001293,SALAWAS ART & CRAFTS,"NEAR KABIR ASHRAM, SALAWAS, JODHPUR, RAJASTHAN - PIN CODE : 342001",,JODHPUR,342001,TRUE
32001302,TRENDS HOSHIARPUR,"RAKESH OHRI, B 4/501, CHHATTA BAZAR, NAIABADI HOSHIARPUR, PUNJAB",,HOSHIARPUR,146001,TRUE
32001424,R K STUDIO POTTERIES,"PLOT NO. 8 OPP. S S GLOBAL SCHOOL, GURUKUL INDUSTRIAL AREA SEC - 38, FARIDABAD HARYANA",,NOIDA,121003,TRUE
32001489,U AND M DESIGNS,"KHASRA NO. 17/6, TANAWARA, LUNI TEHSIL JODHPUR, RAJASTHAN, INDIA",,JODHPUR,342013,TRUE
32001545,SUMATI POLYFIBERS,"F-2171, RIICO INDUSTRIAL AREA RAMCHANDRAPURA",,JAIPUR,302022,TRUE
32001565,OCHRE CERAMIC & POTTERY,"SR NO 107, LAXMI NAGAR HADGUD, ANAND, GUJARAT",,ANAND,388110,TRUE
32002472,PATOLA OF PATAN PVT LTD,"PATOLAWALA FARM HOUSE, OUT SIDE PHATIPAL, GATE PATAN, GUJARAT",,PATAN,384265,TRUE
32021104,PARASRAM APPARELS,"PARASRAM APPARELS, 449/6/7, STREE NO 0, JANAKPURI., NEW KIDWAI NAGAR, LUDHIANA, 141008",,LUDHIANA,141008,TRUE
32180022,SANSKRITI BASTAR,"PLOT NO 5-6, GANDI WARD, INDUSTRIAL STATE KONDAGAON CHHATTISGARH",,RAIPUR,494226,TRUE
32180539,KANSAWALA,"VANA GIGA NO KHANCHO, SURVEY NO.465, KANSARA BAZAR, BHUTA VADI, SIHOR BHAVNAGAR GUJARAT",,BHAVNAGAR,364240,TRUE
32180600,PRACHI EXPORTS,"SF AND BASEMENT, B-104, OKHLA INDUS, AREA, PHASE-1, NEW DELHI, SOUTH DELHI, DELHI",,DELHI,110020,TRUE
32180697,CMT ARTS,"PLOT NO. 39, SAI VILLA, MISSION COMPOUND, NEAR AJMER PULIA, JAIPUR, RAJASTHAN",,JAIPUR,302001,TRUE
32180897,MEHAR TRADINGS,"B240, PAL SHILP GRAM, PAL VILLAGE, RIICO INDUSTRIAL AREA, JODHPUR",,JODHPUR,342014,TRUE
32181081,DESIGN DESTINATION,"J-125, PARSHWANATH CITY, PAL SANAGRIYA BYE PASS, SANGARIYA, JODHPUR, RAJASTHAN",,JODHPUR,342013,TRUE
32181089,NEW VISHWAKARMA HANDICRAFTS,"PLOT NO. 7, KHASRA NO. 1102 740, NEW VISHVAKARMA HANDICRAFTS, BEHIND BASNI POLICE, STATION, BASNI 2ND PHASE, JODHPUR, RAJASTHAN",,JODHPUR,342005,TRUE
32181188,TAJ HANDICRAFTS,"108, TAJ NAGARI, PHASE-1 TAJ EAST GATE ROAD, BEHIND TDI MALL, NEAR INDIA LEATHER HOUSE AGRA (UP)",,AGRA,282001,TRUE
32605049,JAYESH FURNITURE MART SANKHEDA,"162, BAZAR ROAD SANKHEDA, DISTT VADODARA GUJARAT",,VADODARA,391145,TRUE
33000001,ANMOL KNITTERS PVT LTD,"BAHADUR KE ROAD NEAR DANA MANDI, LUDHIANA",,LUDHIANA,141007,TRUE
33000073,YOUNGMAN WOOLLEN MILLS PVT LTD,VILLAGE SEERA RAHON ROAD LUDHIANA PUNJAB INDIA,,LUDHIANA,141007,TRUE
50015987,MIRC ELECTRONICS LTD,"VILLAGE KUDUS BHIWANDI WADA, DIST. PALGHAR, MAHARASHTRA",,PALGHAR,421312,TRUE
60010261,MEGASTAR FOODS LTD,"MEGASTAR FOODS LIMITED VILLAGE SOLKHIAN KURALI-ROPAR ROAD, RUPNAGAR, PUNJAB",,RUPNAGAR,140108,TRUE
60014972,RRL AHMEDABAD PROCESSING CENTR,AHMEDABAD,,AHMEDABAD,,TRUE
60100444,KHS MACHINERY PVT. LTD,"NEAR HIRAPUR CHOWKADI, VATVA Â€“ AHMEDABAD HIGHWAY, AHMEDABAD, GUJARAT",,AHMEDABAD,382435,TRUE
60110803,AMITOJE INDIA PVT LTD,NOIDA,,NOIDA,,TRUE
60115296,PGP GLASS PVT LTD,"OFF-MASAR CHOWKADI, MASAR GAJERA ROAD, UCCHAD VILLAGE, JAMBUSAR TALUKA BHARUCH",,JAMBUSAR,392150,TRUE
60115828,RISIVEDA HERBAL PRODUCTS PVT LTD,"PLOT 30D, SECTOR 11 SIDCUL, HARIDWAR, HARIDWAR, UTTARAKHAND, 249403 HARIDWAR, UTTARAKHAND",,HARIDWAR,249403,TRUE
60116585,MUTUAL INDUSTRIES LTD,"SURVEY NO. 166/2 PART 1, VILLAGE TUMB, TALUKA UMARGAON, DIST. VALSAD, GUJARAT -",,VALSAD,396150,TRUE
60250145,MANJUSHREE TECHNOPACK LTD,"PLOT NO 22B, 23, 23A, SECTOR 2, INTEGRATED INDL ESTATE PANTNAGAR UDHAM SINGH NAGAR, UDHAM SINGH NAGAR, UTTARAKHAND INDIA",,UDHAM SINGH NAGAR,263153,TRUE
60400079,FICUS FOOD LAB PVT LTD,"PLOT NO. 228 BARODA JAMBUSAR HIGHWAY NEAR PADRA, DABHASA, VADODARA VADODARA, GUJARAT",,VADODARA,391440,TRUE
60400173,SRESTH PRODUCTS PVT LTD,SINGUR,,SINGUR,,TRUE
60400209,AAKASH FOOD PRODUCTS PVT LTD,"DEWANMARO AYMA, AAKASH FOO",,KHARAGPUR,721304,TRUE
60400218,RAVI INDUSTRIES,"BAREILLY, UTTAR PRADESH",,BAREILY,,TRUE
60400232,PUSHPAM FOODS & BEVERAGES PVT. LTD,"GAT NO 104/2A, VILLAGE BORATE VASTI, NANDUR, PUNE, MAHARASHTRA",,PUNE,412202,TRUE
60400242,HERSHEY INDIA PVT LTD,BHOPAL,,BHOPAL,,TRUE
60400262,J R FOODS & BEVERAGES,NAVSARI,,NAVSARI,,TRUE
60400325,ALPHA MILKFOODS PVT LTD,HATHRAS,,HATHRAS,,TRUE
60400379,DEVARPAN FOODS PVT LTD,KASHIPUR,,KASHIPUR,244713,TRUE
60400396,KANCHRATAN PACKAGING PVT LTD,INDORE,,INDORE,452010,TRUE
60400485,"B.B. INTERNATIONAL, KUTAIL",112 MILESTONE N.H. 1 G.T. ROAD VILL. KUTALI KARNAL HARYANA,,KARNAL,,TRUE
60400495,MUKESH OIL MILLS PVT LTD,E - 59 RIICO INDUSTRIAL AREA KHAIRTHA KISHANGARHBAS ALWAR RAJASTHAN - 301,,KHAIRTHAL,301404,TRUE
60400628,SAGAR RATNA PRODUCTS PVT. LTD,JUPITER INDUSTRIAL & LOGISTICS UNIT VADALA ROAD KHEDA,,KHEDA,387411,TRUE
60400749,RAVI OIL REFINERIES,RAJKOT,,RAJKOT,,TRUE
60402120,PATAN / GAGLASAN,GAGLASAN,,PATAN,384151,TRUE
60402277,VIDHYASAGAR PROTIENS PVT LTD,"SARNA DUNAGR INDUSTRIAL AREA, BENAR ROAD JHOTWARA JAIPUR",,JAIPUR,302012,TRUE
80014506,KKG INDUSTRIES,"KKG INDUSTRIES, PLOT NO.31, SECTOR-3A, IIE, SIIDCUL, HARIDWAR, UTTARAKHAND, INDIA",,ROORKEE,247664,TRUE
80016312,VEELINE INDUSTRIES LTD,"PLOT NO : A-32, A-33 & A-34 INDUSTRIAL AREA BULANDSHAHR, SIKANDRABAD - 203206- UTTAR PRADESH",,BULANDSHAHR,203206,TRUE
80018344,ROYAL PLASTOCRAFT PVT LTD,"ROYAL PLASTOCRAFT PVT LTD SP 5 -1, RIICO INDUSTRIAL AREA, GHILOTH TEHSIL Â€“ NEEMRANA",,NEEMRANA,301706,TRUE
214886512,THE NIZAM COLLECTION,"627, KIDWAI NAGAR, HAPUR ROAD",,MEERUT,250002,TRUE
216951356,BELLA CASA FASHION & RETAIL LTD,E102-103 EPIP SITAPURA INDUSTRIAL AREA,,JAIPUR,302022,TRUE
217233490,CHARAN PAADUKA,"KHASRA. NO. 86/25/1, G/F, VILLAGE GHEVRA, MUNDKA",,DELHI,110041,TRUE
217639348,SHRUTI ENTERPRISES,"E-736, DSIIDC NARELA",,DELHI,110040,TRUE
217723652,"SS ENTERPRISES, FARIDABAD","S.S ENTERPRISES, PLOT NO.61/1, SIKAND COMPLEX; INDUSTRIAL AREA, N.I.T FARIDABAD",,FARIDABAD,121001,TRUE
218137432,KHUSHAL CLOTHING,"428 3, BHAVNA ESTATE, NR GAUTAM FURNITURE, ISHANPURA NAROL HIGHWAY",,AHMEDABAD,382443,TRUE
218249648,CHETAK PLASTICS,"1501, GOKUL BALA GATE, MAGARWARA",,UNNAO,209862,TRUE
219768432,ELAHI FOOTWEAR CONCEPTS,"78/A, 125 FEET ROAD, TORAH, OPP NALANDA ESTATE, FATEHABAD ROAD",,AGRA,282003,TRUE
219772218,"SHOE ART INDIA, DELHI","SHOE ART INDIA, A-61, DSIIDC NARELA INDUSTRIAL AREA, DELHI",,DELHI,110040,TRUE
220025831,NEXGEN FOOTWEARS PVT LTD,"H-42, UDYOG NAGAR, PEERAGARHI, WEST DELHI, DELHI-110041",,DELHI,110043,TRUE
220810938,GANGA SALES CORPORATION,"PLOT NO 107, KH NO 111/17, NEAR RAJENDRA LAKRA SCHOOL, PHIRNI ROAD, INDUSTRIAL AREA, MUNDKA, NEW DELHI, INDIA",,DELHI,110041,TRUE
220835314,ACTION INTERNATIONAL PVT LTD,"D-5, UDYOG NAGAR, MAIN ROHTAK ROAD, NEW DELHI",,DELHI,110041,TRUE
221076934,AVANA OVERSEAS,"19/177, PEER KALYANI, MOTI LAL NEHRU ROAD, AGRA",,AGRA,282003,TRUE
221348336,J N SODAGAR HOSIERY,"B-5 583, 575 AND 577, WAIT GANJ, LUDHIANA PUNJAB, 141008",,LUDHIANA,141008,TRUE
221471205,ASHISH JAIN HOSIERY,"ASHISH JAIN HOSIERY B-24-3112, STREET NO 6-1/2, NEAR SIDHARTH PUBLIC SCHOOL, KULDEEP NAGAR, BASTI JODHEWAL, LUDHIANA, PUNJAB, LUDHIANA",,LUDHIANA,141007,TRUE
221519214,S.D POLYMER,"F-1488, DSIIDC INDL. AREA., NARELA, WEST DELHI, DELHI",,DELHI,110040,TRUE
221781495,AMBER HOME,"E92/3, RAJHANS INDUSTRIES COMPOUND NEAR NILAM NAGAR BUS STOP, AKKALKOAT ROA SOLAPUR, MAHARASHTRA",,SOLAPUR,413006,TRUE
221871829,KESHVI FASHION LLP-ASN,THIRD FLOOR SHOP NO 3043 NEW SARDAR TRADERS MARKET BARDOLI MAIN ROAD SURAT,,SURAT,395010,TRUE
221964446,AB POLYMER,"A B POLYMERS, KHASRA NO. 76/14/1, MIE-B, BAHADURGARH, HARYANA",,BAHADURGARH,124507,TRUE
222084005,CAPITAL FOOTWEAR INDUSTRIES,"CAPITAL FOOTWEAR INDUSTRIES, GANGA VIHAR COLONY, TAJGANJ AGRA UP",,AGRA,282001,TRUE
222103664,KURBAAN COLLECTION,"INDIVIDUAL OR PROPRIETOR KURBAAN COLLECTION 1385, VARDHMAN NAGAR ST.NO.6, RAHON ROAD. LUDHIANA, PUNJAB",,LUDHIANA,141004,TRUE
222275006,MB RUBBER,"M B RUBBER PVT LTD. D-13, 14, 15, SITE IV INDUSTRIAL AREA, SAHIBABAD, DISTT GHAZIABAD (U.P.)",,GHAZIABAD,201010,TRUE
222349572,G.M HOSIERY,"G.M HOSIERY, TIRUPATI ESTATE, 292/1 PAIKI, USHA 5727/4, OPP. SWASTIC- BANSIDHAR, NAROL, AHMEDABAD, GUJARAT, INDIA",,AHMEDABAD,382405,TRUE
222498730,RAVI POLYESTER PVT LTD,"PLOT NO:-2302, G.I.D.C., SACHIN, ROAD NO:-2 SURAT",,SURAT,394230,TRUE
222589677,VITRAG FABRICS PVT. LTD,HUF VITRAG FABRICS PVT. LTD. F 198 MANDIA ROAD PALI PALI,,PALI,306401,TRUE
223163935,PUSHTI PRINT,"PUSHTI PRINT TARAPRA UDHYOG NAGAR, BHADAR SAMA KANTHE, JETPUR",,JETPUR,360370,TRUE
223652937,RAJYAREKHA TRADE PVT. LTD,"PLOT NO. 1021 MIE PART A, BAHDURGARH, HARYANA",,BAHADURGARH,124507,TRUE
225540787,ITALICA INTERNATIONAL,"PLOT NO.28, SECTOR-17, HSIIDC, BAHADURGARH, HARYANA",,BAHADURGARH,124507,TRUE
225696551,SHAMSONS POLYMER PVT. LTD,C-1 SITE IV INDUSTRIAL AREA SAHIBABAD GHAZIABAD U.P.-,,GHAZIABAD,201010,TRUE
2000179706,PRAGATI GENERAL STORES,DAHANU ROAD PALGHAR THANE,,THANE,401802,TRUE
2015004655,HOSHIARPUR TRENDS,"M.B. TOWERS, COURT RD, KRISHNA NAGAR, HOSHIARPUR, PUNJAB",,HOSHIARPUR,146001,TRUE
3100008170,RAMESH KESHAVDAS MANVANI,AKOLA,,AKOLA,,TRUE
3101000550,"NH - 77, BAZAAR, NEAR R D HIGH","NH - 77, BAZAAR, NEAR R D HIGH SCHOOL, RUNNI SAIDPUR MADHYA, CHAK DONAI, BIHAR",,SITAMARHI,843328,TRUE
3101000583,VIA RETAIL PVT LTD,"ARUN PLAZA, CIVIL LINES, BIJNOR UTTAR PRADESH",,BIJNOR,246701,TRUE
3101000705,LARSEN & TOUBRO LTD,"L&T ENERGY HYDROCARBON RIL NEW ENERGY INITIATIVE PROJECT, MEGHPAR, PADANA, GAGVA, PV SOLAR TR-1: MECHANICAL PO: MOTIKHAVDI, JAMNAGAR, GUJARAT",,JAMNAGAR,361140,TRUE
8000962942,STORE SIKAR,"CWC JAGMALPURA SIKAR, JHIGAR CHOTI ROAD, JAGMA",,SIKAR,332024,TRUE
20 CUBE,20 CUBE WAREHOUSING & DISTR PVT LTD,"20 CUBE WAREHOUSING & DISTRIBUTION PVT. LTD., KH. NO. 39/40/41-229/194-42, DEEPPURA SIKAR ROAD, HAMADA, JAIPUR-302013",,JAIPUR,302013,TRUE
ACME CLOTH,ACME CLOTHING LLP,"AARCEE NETTING PREMISES, C/O ACME PVT LTD, NEAR YOGESWAR ESTATE AMRAIWADI ROAD, AHMEDABAD",,AHMEDABAD,380026,TRUE
ADHESHWAR,ADHESHWAR TEXTILES,"JAI ADHESHWAR TEXTILES GROUND FLOOR 16 BBC, MARKET PANCHKUVA, KALUPUR, GUJARAT AHMEDABAD 380002",,AHMEDABAD,380002,TRUE
ADPL,ADHYA DESIGN PVT LTD,PLOT NO 124 SECTOR 68 IMT FARIDABAD HARYANA,,FARIDABAD,121004,TRUE
AE55,RRL CC RAU,INDORE,,INDORE,452001,TRUE
AF VADOD,"GODOWN NO 3,4 VADODRA","GODOWN NO 3, 4 VADODRA BHIYALA 391410",,VADODARA,391410,TRUE
AF_ALOXE_K,"WAREHOUSE-A, NEW SURVEY NO. 1076, NR. OM SAI WAY B","KUBADTHAL, GJ 382430",,KUCHAMAN CITY,"Kubadthal, GJ 382430",TRUE
AF_BSB_S_,"560084751 MYNTRA FC, WHITEFIELD, BANGALORE","751, MYNTRA FC, WHITEFIELD, BANGALORE, KA PIN-560084",,BANGALORE,560084,TRUE
AF_DAS_F_P,AFDASFPRANTIJ215,"BLOCK NO 1234, SALAL-SONASAN ROAD, SONASAN TA:- PRANTIJ, SABARK PRANTIJ, GJ 383210",,PRANTIJ,383210,TRUE
AF_EASY__3,"G-40 ( WING B), RAGHUVIR CELEUM MARKET, OPP. SANGI","SURAT, GJ 395010",,SURAT,395010,TRUE
AF_FAMIL_I,"MBC NEW WAREHOUSE F-BLOCK, SURVEY NO.315/2/2 BHATK",MP 453441,,INDORE,453441,TRUE
AF_JD_FR_,"PLOT NO -23E TO 25E, ROAD NO 3 DIAMOND",SURAT,,SURAT,394230,TRUE
AF_KRISH_,INDORE,"KRISHNENDU ENTERPRISES ADD: C-2, SHUKLA WAREHOUSE INDORE, MP 453555",,INDORE,453555,TRUE
AF_LASAA,AFLASAA383001307,AF_LASAA_383001_307,,HIMMATNAGAR,383001,TRUE
AF_LEOTU,"PLOT NO. 3, ODE-PIRANA ROAD,","AHMEDABAD, GJ 382427",,AHMEDABAD,382427,TRUE
AF_MERHA,387411,"TCI SUPPLY CHAIN SOLUTIONS, BLOCK NO 656/B, KHATA NO 453, BL AHMEDABAD, GJ 387411",,AHMEDABAD,,TRUE
AF_MERHA_1,"BUILDING NO. B600, LUHARI III, INDOSPACE LOGISTIC","DELHI, HR 124108",,DELHI,124108,TRUE
AF_MERHA_4,"H1 WAREHOUSE SAI DHARA LOGISTICS PARK, MUMBAI NASI","MUMBAI, MH 421302",,MUMBAI,421302,TRUE
AF_MOTHE,AFMOTHE360311902,"BEHIND SHEMLA BUS STOP, NATIONAL HIGHWAY 27, BILLIYALA BILLIYALA, GJ 360311",,RAJKOT,360311,TRUE
AF_NIVEA S,AFNIVEA382110909 SANAND,"S.NO.112/P, 113P, 124P, 125P, 132/P, PLOT NO. SM-9/1, SANAND, GJ 382110",,SANAND,382110,TRUE
AF_NIVEA_4,AFNIVEA421101465,"BORIVALI TARF SONALE, BORIVALI VILLAGE, GLOBAL REALTY INFRA BHIWANDI, MH 421101",,MUMBAI,421101,TRUE
AF_PACIF,AFPACIF360004795,"P-34, NR-TIRTH AGROTECH & KRISHNA PARK, GONDAL ROAD, VILLAGE-RA RAJKOT, GJ 360004",,RAJKOT,360004,TRUE
AF_PACIF_,"OORJA INDUSTRIAL ZONE - 10B, PARDI-PADVALA ROAD,BE","RAJKOT, GJ 360024",,RAJKOT,360024,TRUE
AF_PAN_I_1,AFPANI122050961,"PLOT NO. 308 A, SECTOR 6, IMT MANESAR, MANESAR, GURUGRAM, HA GURUGRAM, HR 122050",,GURUGRAM,122050,TRUE
AF_PLAN__A,"PLANTEX, PLOT NO-5/A, ROAD NO-1, KATHWADA GIDC, OD","AHMEDABAD, GJ 382430",,AHMEDABAD,382430,TRUE
AF_PLAN_3,AFPLAN382430565,"PLANTEX, PLOT NO-5/A, ROAD NO-1, KATHWADA GIDC, AHMEDABAD, GJ 382430",,AHMEDABAD,382430,TRUE
AF_PLANT_,SWATI PARK 80 FEET ROAD,"RAKJOT, GJ 360002",,RAJKOT,360002,TRUE
AF_PLANT_3,"NEW SERVEY NO 1076N, OLD SERVY NO 821, OM SAI BRID","AHMEDABAD, GJ 382430",,AHMEDABAD,382430,TRUE
AF_POWER,AFPOWER421302377,"POWERMAX FITNESS (I) PVT. LTD. 143/156, INDIAN CORPORATION C BHIWANDI, MH 421302",,BHIWANDI,421302,TRUE
AF_RABBY_R,DEVPARA PLOT CHARANIYA VILLAGE CHARANIYA TALUKA,"RAJKOT, GJ 365480",,RAJKOT,365480,TRUE
AF_RUHE,AFRUHE382213603,"SURVEY NO. 606 (OLD SURVEY NO. 1439) RISHI KIRAN LOGISITICS MORAIYA AHMEDABAD, GJ 382213",,AHMEDABAD,382213,TRUE
AF_RUHE__A,SURVEY NO. 606 (OLD SURVEY NO. 1439) RISHI KIRAN L,"AHMEDABAD, GJ 382213",,AHMEDABAD,382213,TRUE
AF_SAMAR,AFSAMAR382427839,"JAYANTIBHAI DAHYABHAI, AMARNATH ESTATE NAZ ROAD, TA, DASKROI JETALPUR, GJ 382427",,JETALPUR,382427,TRUE
AF_SAMAR_K,"SUMAR LOGISTICS AND INDUSTRIAL PARK, NH-8, AHEAD O","KHEDA, GJ 387411",,KHEDA,387411,TRUE
AF_SECUR,AFSECUR382213685,"""E-77, E-42, MORAIYA AHMEDABAD, GJ 382213",,AHMEDABAD,382213,TRUE
AF_WONDE,201003,"KHASRA NO. 824 VARDHMAN PURAM, MORTA GHAZIABAD (U.P.) - 2010 GHAZIABAD, UP 201003",,GHAZIABAD,201003,TRUE
AGRA,KAPOOR OVERSEAS,"1/132/1, FIRST FLOOR, SYED ALI NAVI, SHAHGANJ ROAD, AGRA",,AGRA,282010,TRUE
AGRA (WF),WORLD FOOTWEAR,18/194 PURANI MANDI TAJGANJ AGRA,,AGRA,282001,TRUE
AGRA SINE,AGRA SINE FOOTWEAR,"39, 40A, SHIVAM VATIKA MAUJA MIYAPUR, FATEHABAD ROAD, AGRA",,AGRA,282006,TRUE
AMD0,AMD0- AMAZON SELLER-AIRPORT,"SARDAR VALLABHBHAI PATEL INTERNATIONAL AIRPORT AHMEDABAD, GUJARAT -380003",,AHMEDABAD,380003,TRUE
AMD2,AMD2 -FC 2 BAVLA,"PLOT NO. 120 (X) AND PART PORTION OF PLOT NO. 119 (W2) BAVLA, GUJARAT 382220",,BAVLA,382220,TRUE
AMDE,AMAZON SELLER SHYAMAL,"AANGAN BANQUET-2, B/H AANGAN BANQUET, BESIDE STAR BAZAAR, OP AHMEDABAD, GUJARAT 380015",,AHMEDABAD,380015,TRUE
ANDD,"GODOWN 9,SWAMINARAYAN RICE AND PULSES MILL COMPOUN","ANAND, GUJARAT 388001",,ANAND,388001,TRUE
Aroma De,AROMA DE FRANCE,"BLOCK NO. 324, VILLAGE-RANU, TALUKA-PADRA, DISTRICT- VADODARA, GUJARAT",,VADODARA,391445,TRUE
AURANGABAD,AURANGABAD,"CENTRAL WAREHOUSING CORPORATION, PLOT NO 91, BACKSIDE OF UNITED SPIRITS, CHIKALTHANA MIDC AURANGABAD",,AURANGABAD,431006,TRUE
BAGHPAT,AMBE AGROFOODS PVT LTD,"10206493, SAHARANPUR ROAD, OPP. NBCC TOWNSHIP, KHEKRA, BAGHPAT",,BAGHPAT,250101,TRUE
BAGRU,SOLITAIRE INDUSTRIAL PARK,"PLOT NO 23, SOLITAIRE INDUSTRIAL PARK DEHMI KALAN, BAGRU, JAIPUR, RAJASTHAN",,BAGRU,303007,TRUE
BAHADURGAR,ABHAY FOOTWEAR PVT LTD,"KH NO. 76, OPP PLOT NO. 1535, MIE PART-B, BAHADURGARH, HARYANA",,BAHADURGARH,124507,TRUE
BALAGHAT,SMART HUB BALAGHAT,"RRL, CENTRAL WAREHOUSE, GODOWN NO 3 BALAGHAT WARASEONI ROAD, GARRA, BALAGHAT, MADHYAPRADESH",,BALAGHAT,481001,TRUE
BAREJA,"SRI JAGANNATH AGRO INDUSTRIES, BAREJA","OPP. UMIYAPURA, LALI GAM",,BAREJA,382425,TRUE
BARMER,SMART HUB BARMER,"CENTRAL WAREHOUSE CORPORATION, KHASRA NO 463, BARMER, MITHRA ROAD",,BARMER,344001,TRUE
BASSI,BASSI PATHANA,"VILLAGE KOTLA FAZAL TEHSIL BASSI PATHANA, PUNJAB, SIRHIND FATEGARH SAHIB, PUNJAB",,BASSI PATHANA,140406,TRUE
BAVLA,RAMDEV AND FINE TASTE FOODS PVT LTD,"SURVEY NO:397, 400, 405, 406, 415, 416 VILLCHIYADA, TA-BAVLA, DI-AHMEDABAD-",,BAVLA,382220,TRUE
BB-7 SEAS,BB-SEVEN SEAS MALL,SWARNIM GIJARAT RING ROAD,,VADODARA,390002,TRUE
BB-AGORA,BB AGORA MALL AHMEDABAD,RING ROAD AHMEDABAD,,AHMEDABAD,382424,TRUE
BB-ALPHA,BB ALPHA ONE AHMEDABAD,THALTEJ ROAD,,AHMEDABAD,380059,TRUE
BB-BHARUCH,BB SHALIMAR TALKIES BHARUCH,"NH 64, SHALIMAR TALKIES",,BHARUCH,392001,TRUE
BB-EVAMALL,BB-MANJALPUR EVA MALL,VAJRADHAM MARG,,VADODARA,390011,TRUE
BB-INORBIT,BB-INORBIT VADODARA,GORWA ROAD,,VADODARA,390023,TRUE
BB-RAJKOT,BB RAJKOT,"ISCON MALL, OPP PARIJAT PARTY PLOT, 150 FEET RING ROAD",,RAJKOT,360005,TRUE
BB-SURAT,BB SURAT KAMDHENU CORPN,SURAT,,SURAT,394370,TRUE
BB-TUMKUR,BB-TUMKUR,"(10252083)FUTURE CONSUMER LIMITED INDIA FOOD PARK LIMITED, PLOT NO-10-11, VASANTHANARSHAPURA IND. AREA, KIADB PHASE-3, KOTRA HOBLI- TUMKUR-572138",,TUMKUR,572138,TRUE
BCTX,RENAISSANCE INDUSTRIAL,"SMART CITY VASHERE VILLAGE BHIWANDI, MAHARASHTRA",,BHIWANDI,421302,TRUE
BEAWAR 2,SMART HUB BEAWAR RRL,"RELIANCE RETAIL LIMITED, CENTRAL WAREHOUSE 2, FRONT OF RIICO INDUSTRIAL AREA, GRAM GOHANA, BEAWAR, RAJASTHAN",,BEAWAR,305925,TRUE
BHAMBOLI,RELIANCE RETAIL LTD,"BUILDING 700, INTERSPACE CHAKAN III, CHAKAN MIDC PHASE II BHAMBOLI, PUNE",,PUNE,410501,TRUE
BHARATPUR,RRL BHARATPUR,"RELIANCE RETAIL LIMITED, CENTRAL WAREHOUSING PLOT NO G 162-165 BRIJ INDUSTRIAL AREA BEHIND NAFED PLANT BHARATPUR",,BHARATPUR,321001,TRUE
BHAVNAGAR,NAFED MAHUVA,"NATIONAL AGRICULTURAL COOP MKTG FEDERATI, GSWC LOYANGA MAHUVA, BHAVNAGAR, GUJARAT",,BHAVNAGAR,364295,TRUE
BHAYALA,BHAYALA,"INDO SPACE INDUSTRIAL & LOGISTIC PARK BAVLA, AND LOG VILAGE BHAYALA TALUK BAVLA AHMEDABAD",,BAVLA,382240,TRUE
BHIND,SMART HUB BHIND RRL,"CENTRAL WAREHOUSE, GODOWN NO.1, LAHAR ROAD, INDUSTRIAL AREA",,BHIND,477001,TRUE
BHIWANDI,"RELIANCE VF DC MANKOLI, BHIWANDI-","RELIANCE VF DC MANKOLI, BHIWANDI-",,BHIWANDI,421302,TRUE
BHOPAL,RRL DIGITAL DC BHOPAL,"BARRAI VILLAGE, KHASRA NUMBER 234/5 & 235/4, BHOPAL",,BHOPAL,462026,TRUE
BHOPAL 2,RRL BHOPAL,RELIANCE RETAIL LIMITED BLUE SKY WH & SUN KH N262/2/3 256/2/2/1 257/1/2 TO 253/2 VLG PIPALIYA JAHIRPEER NR KISHAN KANTA BOCL PETROL PUMP BYPS RD BHOPAL,,BHOPAL,462010,TRUE
BHRT,BRIJ HONEY PVT LTD,"VILLAGE TEHRA LODHA NH 11 AGRA HIGHWAY BHARATPUR, RAJASTHAN INDIA",,BHARATPUR,321001,TRUE
BIKANER,NAVHARI FOOD PRODUCTS PVT. LTD,"F-88-89 BICHHWAL INDUSTRIAL AREA, BIKANER- (RAJASTHAN)",,BIKANER,334006,TRUE
BIKANO,BIKANERVALA FOODS PVT LTD,"PLOT NO-21, SECTOR-24, FARIDABAD, FARIDABAD HARYANA",,FARIDABAD,121001,TRUE
BNG,BNG FASHION GEARS PVT. LTD.,"PLOT NO- 319, 320, SEC-17, HSIIDC, BAHADURGHAR, HR",,BAHADURGARH,124507,TRUE
BOM5,RENAISSANCE INDUSTRIAL SMART,"CITY, KALYAN SAPE ROAD THANE, MAHARASHTRA 421302",,KALYAN,421302,TRUE
BSB,"SPIN132103756 OPP.MEHAK FARM, SHRI RAM MARG, P","BSB_SPIN_132103_756 OPP.MEHAK FARM, SHRI RAM MARG, PANIPAT, HR 132103",,PANIPAT,132103,TRUE
CB08,PL - CHENNAI,"C/O. S.N.D ENTERPRISES, SURVEY NO.461/2C, REDHILLS-AMBATTUR RO, PUZHAL VILLAGE, AMBATTUR TALUK, - CHENNAI",,CHENNAI,600062,TRUE
CF08 & Y122,VF DC,"WAREHOUSE NOS. 96 & 104, INDIAN CORPORATION, DAPODI ROAD, OPP GAJANAND PETROL PUMP, MANKOLI NAKA",,BHIWANDI,421202,TRUE
CHANDISAR,"CHANDISAR, PALANPUR","VAISHNODEVI REFOILS & SOLVEX PLOT NO.235/3 VILLAGE - CHANDISAR TALUKA-PALANPUR, DIST-BANASKANTHA",,PALANPUR,385510,TRUE
CHHINDWARA,CHHINDWARA,"CENTRAL WAREHOUSE, GODOWN NO. 01, NARSINGHPUR ROAD, VILLAGE JAUMINA, CHHINDWARA (M.P)",,CHHINDWARA,480223,TRUE
CHOMU,CENTRAL WAREHOUSING GODOWN,"CENTRAL WAREHOUSING GODOWN NO 1A, 2A, 2B, 5A, 5B VIA UDAIPURIA PO BHOPA?WAS, CHOMU",,CHOMU,303807,TRUE
CI08,RELIANCE RETAIL LTD QWIK SUPPLY CHAIN PVT,RRL AHMEDABAD DISTRIBUTION CEN 103/106 GIDC NARODA AHMEDABAD NARODA,,AHMEDABAD,382330,TRUE
CIC1,"RELIANCE RETAIL LTD.,","F & V DIVISION, PLOT NO. 103/106, GATE NO. 5, VIMAL COMPD., GIDC, NARODA, AHMEDABAD",,NARODA,382330,TRUE
CM08,"VF DC, WAGHOLI","VARUN WARE HOUSING CORPORATION, GATE NO. 497 / 498, KATKEWADII, WAGHOLI, TALUKA HAVELI, PUNE",,PUNE,412207,TRUE
CONA FWEAR,CONA FOOTWEAR INDIA PVT LTD,"C29/1 SITE-C UPSIDC SIKANDRA, AGRA",,AGRA,282007,TRUE
CPC-PUNJAB,SNS WAXING PLANT,"SNS WAXING PLANT, SAYADWALA, ABHOR, PANJAB",,ABHOR,152116,TRUE
CT08,VF DC JAIPUR,"PLOT NO B-192, ROAD NO. 9F, VKI",,JAIPUR,0,TRUE
CTC1,RRL JAIPUR CPC,RRL JAIPUR CPC BLUMA B192 ROAD NO. 9 F VISWAKARMA INDUSTRIAL AREA JAIPUR,,JAIPUR,302013,TRUE
DAMOH,DAMOH,DAMOH,,DAMOH,470661,TRUE
DC11,METRO CASH & CARRY INDIA PVT LTD,"HADBAST NO. 44 AND 46, IN ZIRAKPUR, MOHALI",,MOHALI,140603,TRUE
DEEP,DEEP ENTERPRISES,"PLOT NO 3278, G.F BLOCK-J, DSIDC NARELA INDUSTRIAL AREA, NEW DELHI",,DELHI,110040,TRUE
DEHRADUN,MG SHAHANI & CO DELHI PVT LTD,"PLOT NO : 30, PHARMA CITY, INDUSTRIAL AREA, SELAQUI. DEHRADUN. UTTARANCHAL",,DEHRADUN,248197,TRUE
DHARUHERA,RRL-NORTH-HR-DHARUHERA,RELIANCE RETAIL LIMITED SCHENKER INDIA PVT LTD HADBAST NO 191 KHEWAT KHATUNI NO 8 MUSTATIL NO 17 KILLA NO 11 2 3 12 DIST REWARI,,DHARUHERA,123106,TRUE
DIXON,DIXON TECHNOLOGIES,"C-3/1CENTRAL HOPE TOWN INDUSTRIAL AREA SELAQUI DEHRADUN, UTTARANCHAL",,DEHRADUN,247670,TRUE
DR08,"VF DC, NEELAMANGALA","NO 53/1 OPP UNIBIC BISCUIT FACTORY, ALAGURU HEGGADADEVANAPURA, GOLDEN SPA ROAD, NELAMANGALA - 562123 BANGALORE",,BANGALORE,562123,TRUE
DUMMY-IN-,DUMMY LOCATION,"DUMMY LOCATION AHMEDABAD, 380007",,AHMEDABAD,380007,TRUE
EA08,VF DC GURGAON (PATAUDI),RRL GURGAON DRY DC TAJ NAGAR ROAD JAMALPUR CHOWK TEHSIL - FARUKHNAGAR VILLAGE TAJ NAGAR DISTT GURGAON .,,GURUGRAM,NA,TRUE
EGJ1,"PLOT NO - X AND W2, GALLOPS INDUSTRIAL PARK,VILLAG","AHMEDABAD, GUJARAT 382213",,AHMEDNAGAR,382213,TRUE
EV08,"VF DC, BHOPAL","19/8, MILE STONE, SAD WAREHOUSE VILLAGE CHHAN, BHOJPUR ROAD BHOPAL",,BHOPAL,462047,TRUE
F1BD,RRL POONAM MALL,"VIP ROAD, KHASRA NO. 91, NORTH AMBASARI ROAD",,NAGPUR,440010,TRUE
F1CG,"FF-KALYAN-SARVODAYA MALL , RELIANCE RETAIL LTD","SARVODAYA MALL, KALYAN SHILPHATA ROAD, NEAR PATRI POOL, KALYAN",,KALYAN,421301,TRUE
F1FH,NAMAN MALL MANAGEMENT PL,"RNTMARG, INDORE",,INDORE,452001,TRUE
F1JA,MDC-NAGPUR-WADGAON HINGNA-GM-HF,MDC-NAGPUR-WADGAON HINGNA-GM-HF SURVEY NO.60/1/2/3/B 83/2 84 85/A&B 86 TO 90 91/1 91/4/A&B WADGAON HINGNA NAGPUR,,NAGPUR,441122,TRUE
F1N1,RRL VADODARA,RRL VADODARA WADI OPP. SARABHAI CHEMICALS BARODA,,VADODARA,390001,TRUE
F1NE,RRL - FF-RAJKOT-AASHIRWAD CITY CENTER,"PLOT NO 2933/1, AASHIRWAD CITY CENTER, NEXT TO INOX, KASTURBA ROAD, RAJKOT GUJARAT",,RAJKOT,360001,TRUE
F1OE,"FF-ANAND-GALLERIA MALL , RELIANCE RETAIL LTD","ANAND MAGHROLI RD, OPP TATA MOTORS, ""GALLERIA MALL, KARAMSAD, PLOT NO385"", ANAND, GUJARAT",,ANAND,388121,TRUE
F1QC,MDC- NAGPUR- WADGAON,HINGNA,,NAGPUR,440010,TRUE
F1UH,RRL AMBAWADI,"RRL KOLONNADE CENTRE OPP. SAFFRON TOWER, AMABAVADI",,AHMEDABAD,380006,TRUE
FARRUKHNAG,RRL CDIT FARRUKHNAGAR DC,RRL CDIT FARRUKHNAGAR DC EMBASSY INDUSTRIAL PARK,,FARRUKHNAGAR,122506,TRUE
FC Nagpur,SMART FC,"NO 471 TO 476 MOUZA KHUMARI PS K 12, KHASRA NO 41-43 MOUZA KOKARDA KHUMARI TEHSIL KAMLESHWAR NAGPUR, MAHARASHTRA",,NAGPUR,441502,TRUE
FC-AHDABAD,ADARSH WAREHOUSE GODOWN,"RELIANCE RETAIL LIMITED [AHMEDABAD2 FC ADARSH WAREHOUSE GODOWN NO.3, 4, 5 AND 6(20, 21), JAMNAGAR ESTATE BEHIND ALPHA HOTEL ASLALI AMD GJ",,AHMEDABAD,382427,TRUE
FC-AHMDABA,RELIANCE RETAIL LTD [AHMEDABAD FC],"RELIANCE RETAIL LIMITED [AHMEDABAD FC] ADARSH WAREHOUSE, GODOWN NO.3, 4, 5 AND 6(20, 21), JAMNAGAR ESTATE, BEHIND ALPHA HOTEL, ASLALI GODOWN NO.3, 4, 5 AND 6(20, 21), JAMNAGAR ESTATE, BEHIND ALPHA HOTEL, ASLALI AMD GJ",,AHMEDABAD,382427,TRUE
FD08,"VF DC, DASANPURA HOBALI","SY NOS. 15/1 AND 16/1 ADAKAMARANAHALLI VILLAGE, DASANAPURA HOBLI, BANGALORE",,BANGALORE,562162,TRUE
FERRO PL,FERRO SONA GARMENTS,"PVT. LTD. RAHON ROAD, MANGAT ROAD, VILLAGE- KHAWAJKE, LUDHIANA-",,LUDHIANA,141007,TRUE
FFPP,FABLE FOOD PRODUCTS PVT LTD,MEHSANA,,MEHSANA,,TRUE
FR28,SB BHOPAL AURA MALL GULMOHAR,SECTOR E8 ARERA COLONY AURA MALL OPP RAJIV GANDHI COLLEGE GULMOHAR ( BHOPAL,,BHOPAL,462039,TRUE
FR59,RELIANCE RETAIL LTD SB,"AHMEDABAD AGORA MALL SHREE BALAJI AGORA MA 200 FT SARDAR PATEL RING ROAD SUGHAD, AHMEDAB AHMEDABAD (AGORA MALL)",,AHMEDABAD,,TRUE
FRAZ,BANUR DC,RAJPURA,,RAJPURA,140401,TRUE
FRBG,SBZ PB LDH SILVER ARC FEROZEP,SBZ PB LUDHIANA SILVER ARC FEROZEPUR RD. BXX 622 GURDEV NAGAR. LUDHIANA (PB),,LUDHIANA,141001,TRUE
FRDO,SBZ RJ JAIPUR,"TRINITI MALL-SANGANER, PLOT NO 5 TRINITI MALL, OPP SHYAM NAGAR NEW SANGANER ROAD",,JAIPUR,,TRUE
FRDR,SB AJMER OASIS MALL PANCHSHEEL,BLOCK A RAJEEV CIRCLE OASIS MALL - AJMER,,AJMER,,TRUE
FRFT,SBZ PB AMRITSAR TRILIUM MALL VR AMBARSAR,"PLOT NO 4 MEDICAL. ENCLAVE OPPOSITE BASANT, AVENUE CIRCULAR ROAD. AMRITSAR",,AMRITSAR,143001,TRUE
FRGV,"METRO CASH & CARRY INDIA PVT LTD,","T3DS, VASAL MALL, CIVIL LINE RAOD, OPPT PRESIDENT HOTAL, JALANDHAR PUNJAB",,JALANDHAR,144001,TRUE
FTFP,FINE TASTE FOODS PVT LTD,"PLOT NO. 26/A, OZONE INDUSTRIAL PARK, KERALA G.I.D.C., RAJKOT NATIONAL HIGHWAY, BAVLA, AHMEDABAD, GUJARAT-382220 (6359630406) AHMEDABAD, GUJARAT",,AHMEDABAD,382220,TRUE
GDAD,"GODHRA, GUJARAT","GODHRA, GUJARAT",,Godhra,389001,TRUE
GHAZIABAD,MMX FOODS PVT LTD,"MMX FOODS PRIVATE LIMITED, MMX MALL, GT ROAD, MOHAN NAGAR, GHAZIABAD, UTTAR PRADESH",,GHAZIABAD,201007,TRUE
GJSD,AMAZON SELLER AMRELI,"SHOP 1, 2, 3 PAVAN ARCADE, SADGURU VATIKA, LATHI RAOD AMRELI, GUJARAT 365601",,VERAVAL,365601,TRUE
GNND,AMAZON SELLER GANDHINAGAR,"1-2-3, PRAMUKHPARAMOUNT, BEHINDPRASANG FARM, OPP.ASHKAHOSPITAL GANDHINAGAR, GUJARAT 382421",,GANDHINAGAR,382421,TRUE
GNNH,AMAZON SELLER SONI NI CHAWL,"ADARSH INDUSTRIAL ESTATE AHMEDABAD, GUJARAT 38002",,AHMEDABAD,38002,TRUE
GNNJ,GNNJ-AMAZON SELLER NAROL,"ANZ INFINITY, OPP. AARVEE DENIM AHMEDABAD, GUJARAT 382405",,AHMEDABAD,382405,TRUE
GNNN,GNNN AMAZON SELLER-GANDHINAGAR,"NR.SPARSH DIVINE2, BEHINDBALAJIVILLABUNGALOW, TP 44, CHANDKHEDA GANDHINAGAR, GUJARAT 382424",,GANDHINAGAR,382424,TRUE
GNNQ,AMAZON SELLER SAHAJ,"SHOP NO N- 1 TO 3, SAHAJ PRIME AHMEDABAD, GUJARAT 380060",,AHMEDABAD,380060,TRUE
GNNT,AMAZON SELLER KHANDKHEDA,"STATE HIGHWAY SURVEY NO. 240-1-2 AHMEDABAD, GUJARAT 380005",,AHMEDABAD,380005,TRUE
GNNU,"SR. NO. 122, FINAL PLOT NO. 683","AHMEDABAD, GUJARAT 382330",,AHMEDABAD,382330,TRUE
G-NOIDA,"ECOTECH-11, UDYOG VIHAR","PLOT NO.42(KHASRA NO6661-662) ECOTECH-11, UDYOG VIHAR, GREATER NOIDA, UP, GAUTAM BUDDHA NAGAR, UTTAR PRADESH-",,NOIDA,201306,TRUE
GONDIA,CWC GONDIA,"CENTRAL WAREHOUSE GONDIA-1, SARA TOLY, MURRI ROAD. BEHIND SINDHI SCHOOL. GONDIA",,GONDIA,441601,TRUE
GR-INTERNA,GR INTERNATIONAL,"KHASRA NO.1410, MAUJA BAIPUR AGRA-MATHURA ROAD, SIKANDRA",,AGRA,282007,TRUE
GUJX,FC-2 (AMD2) BAVLA,"PLOT NO. 120 X AND PART PORTION OF PLOT NO. 119 W2 BAVLA, GUJARAT 382220",,AHMEDABAD,382220,TRUE
GURGAON,SCHENKER INDIA WAREHOUSE,"REVENUE ESTATE KILA#51 17 24 VILLAGE KHURUMPUR TEHSIL FARUKHNAGAR GURGAON, HARYANA",,GURGAON,122506,TRUE
GWL,RELIANCE RETAIL LTD [GWALIOR FC,"RELIANCE RETAIL LIMITED [GWALIOR FC PLOT.NO.994, WARD NO.13, BARAGHATA INDUSTRIAL AREA NEARBY VICKY FACTORY SQUARE",,GWALIOR,474009,TRUE
HALDIYA,HARRSHIV HEALTHY FOODS 7 MORE,"KH NO 100/5, VD DHARGAON, NAGPUR, 4",,NAGPUR,,TRUE
HAM5,AMAZON SELLER KANERA,"YUSEN LOGISTICS (INDIA) PVT. LTD. R.A. WAREHOUSENEAR DIST KHEDA, GUJARAT 387540",,KHEDA,387540,TRUE
HAM8,MOJE KANER,"BLOCK NO 581, 582 & 583 NH NO. 8, OPP GOKULESH PETROL PUMP, MOJE KANER, GUJARAT 387540",,KHEDA,387540,TRUE
HAME,INDRAPRASHTHA INDUSTRIAL LOGISTICS HUB,"KHEDA, GUJARAT 387570",,KHEDA,387570,TRUE
HANUMANGAR,HANUMANGARH,"SB WAREHOUSING, CHAK 7 HMH, TIBBI ROAD, HANUMANGARH TOWN",,HANUMANGARH,335513,TRUE
HARIDWAR,KANJ PRODUCTS PVT LTD,"PLOT NO. 71 AND 72, SECTOR 8A, IIE SIDCUL, HARIDWAR UTTARANCHAL",,HARIDWAR,249403,TRUE
HARIDWAR 2,GINNI FILAMENTS LTD.,"(CONSUMER PRODUCT DIVISION) PLOT NO.-98, SECTOR-5, IIE, SIDCUL, HARIDWAR (U.K)",,HARIDWAR,249403,TRUE
Haryana,INDO NISSIN FOODS PVT LTD.,"91 KMS, NH-8, DELHI- JAIPUR ROAD, VILLAGE DEODHAI, TESHI BAWAL. DIST: REWARI, HARYANA",,REWARI,123401,TRUE
HINGOLI,"MSWC WH JAWALA BAZAR, HINGOLI","JAWALA BAZAR, HINGOLI",,HINGOLI,431705,TRUE
IDX2,SHIV LOGISTIC PARK,"KHASRA NO 282/1/2/2 INDORE, MADHYA PRADESH",,INDORE,453771,TRUE
INDORE,SHIVANI DETERGENTS,"PLOT NO. 41 C, E & F SELLER QUOT. REF SECTOR II, PITHAMPUR, DHAR, DHAR MADHYA PRADESH, PIN-CODE: INDIA",,INDORE,454775,TRUE
ISK3,ISK3,"ROYAL WAREHOUSING AND LOGISTICS LLP, SURVEY NUMBER 45 BHIWANDI, MAHARASHTRA 421302",,BHIWANDI,421302,TRUE
JAGDALPUR,JAGDALPUR,"KHASRA NO-63 PH NO 9, NH43, VILG: NAKTI SAMER, PO ADAWAL JAGDALPUR",,JAGDALPUR,494001,TRUE
JAIPUR,RRL VF RJ JAIPUR,"MOTU KA BAS GCR DC, KHASRA NO 76 TO 96 98 118, VILLAGE MOTU KA BAS TEHSIL AMER, JAIPUR",,JAIPUR,303704,TRUE
JAIPUR DC,RRL JAIPUR DIGITAL DC,SP-2033 INDUSTRIAL AREARAMCHANDRAPURA SITAPURA EXTENSION SITAPURA 302022 JAIPUR (RAJ.),,JAIPUR,302022,TRUE
JALANDHAR,J.B. INTERNATIONAL,"VILLAGE SANGALSOHAL NEAR WARIYANA IND. COMPLEX, KAPURTHALA ROAD JALANDHAR",,JALANDHAR,144013,TRUE
JALANDHAR2,RRL JALANDHAR,"RELIANCE RETAIL LIMITED, E GROCERY FC JALANDHAR NURPUR",,JALANDHAR,144001,TRUE
JANAK LUDH,JANAK SONS KNITWEAR PVT LTD,"VILLAGE MEHARBAN, RAHON ROAD, LUDHIANA - PUNJAB, INDIA",,LUDHIANA,141007,TRUE
JASPUR,"ZIPPY EDIBLE PRODUCTS PVT LTD,","TALABPUR THAKURDWARA ROAD JASPUR, DIST. - U S NAGAR, UTTARAKHAND.",,JASPUR,244712,TRUE
JDPL,JAIPUR DESIGNS,"JAIPUR DESIGNS PVT LTD H-11, RIICO INDUSTRIAL AREA MANSAROVER",,JAIPUR,302020,TRUE
JETALPUR,A.M. AGRO INDUSTRIES,A.M. AGRO INDUSTRIES NAJ PIRANA ROAD JETALPUR TA.DASCROI DIST. AHMEDABAD,,JETALPUR,382426,TRUE
JHUNJHUNU,SMART HUB JHUNJHUNU,"RRL, CENTRAL WAREHOUE, RICCO INDS.AREA, JHUNJHUNU",,JHUNJHUNU,333001,TRUE
JRV NOIDA,JRV INDUSTRIES LLP,"INDUSTRIAL PROPERTY, B-6 2ED FLOOR, SEC-88, GAUTAM BUDDHA NAGAR, NOIDA, UTTAR PRADESH",,NOIDA,201305,TRUE
KADODARA,RRL KADODARA,"RELIANCE RETAIL LTD, B4 PHASE 3, RAJHANS TRANSPORT NAGAR, NEAR SANJEEVANI HOSPITAL, KADODARA SURAT",,KADODARA,394327,TRUE
KANPUR,"KANPUR EDIBLESS PVT LTD,","GATE NO.190.201.RANIA, AKBARPUR TAHSIL. KANPUR DEHAT, UP",,KANPUR,209304,TRUE
KARANJA,"KARANJA LAD, WASHIM","BULDHANA URBAN WH NAGPUR HIGHWAY RAOD, SAWARKAR CHOWK KARANJA LAD DIST. WASHIM -",,KARANJA,444105,TRUE
KASHYAP,KASHYAP FOOTWEAR INDUSTRIES,"C-96 EPIP EXPORT PARK SHASTRIPURAM SIKANDRA, AGRA",,AGRA,282007,TRUE
KATNI,"SMART FC, KATNI",CWC WAREHOUSE NEAR GALLA MANDI KATNI,,KATNI,483501,TRUE
KB CREATIO,K. B. CREATION,INDIVIDUAL OR PROPRIETOR RAM GOPAL CHHIPA PALOWALON KA BAGH NEAR SAINI MISTHAN BHANDAR SANGANER,,JAIPUR,302029,TRUE
KEWAL RAM,KEWAL RAM PLASTICS,KEWAL RAM PLASTICS F 1708 DSIIDC NARELA DELHI,,DELHI,110040,TRUE
KHEDA,20 CUBE WAREHOUSING AND DISTRIBUTION PVT LTD,"SHED Â€ŒC1Â€ PRIME WAREHOUSE SURVEY NO.691, NATIONAL HIGHWAY-8 VILL-HARIYALA",,KHEDA,387120,TRUE
KHURJA,"MINHAS POTTERY,","MINHAS POTTERY, C-1, INDUSTRIAL ESTATE. G.T. ROAD, KHURJA U.P. 203131",,KHURJA,203131,TRUE
KISHANGANJ,"RRL , KISHANGANJ","CENTRAL WAREHOUSING CORPORATION, RELIANCE RETAIL LTD, PASCHIMPLAI",,KISHANGANJ,855107,TRUE
KOLHAPUR,GHODAWAT CONSUMER LTD,"GHODAWAT CONSUMER LIMITED GAT NO-470/5/6/8, A/P-CHIPRI, TAL-SHIROL DIST-KOLHAPUR(MAHA) KOLHAPUR, MAHARASHTRA",,KOLHAPUR,416101,TRUE
KOLHAPUR2,GHODAWAT CONSUMER,"GAT NO 593, 594, 611 & 612 A/P CHIPRI, JAYSINGPUR 416101, 416101, KOLHAPUR MAHARASHTRA",,KOLHAPUR,416101,TRUE
KRAFT IMPE,KRAFT IMPEX-ASN,"INDIVIDUAL OR PROPRIETOR KNIT KRAFT IMPEX GR FLOOR, IX/1312, MANDIR VALI GALI, GANDHI NAGAR, EAST DELHI, DELHI",,DELHI,110031,TRUE
KUNDLI,XO FOOTWEAR PVT LTD,"XO FOOTWEAR PVT. LTD.PLOT NO. 34B, SECTOR-57, PHASE-IV, HSIIDC INDUSTRIAL ESTATE, KUNDLI DISTT. SONEPAT, KUNDLI",,KUNDLI,131028,TRUE
LATUR,MSWC MIDC,MSWC MIDC RENAPUR LATUR P2 DIST. LATUR P2,,LATUR,413527,TRUE
LUCKNOW RR,RRL LUCKNOW,DC 325/4 DHAWAPUR BANI MOHANLAL GANJ ROAD LUCKNOW UP,,LUCKNOW,,TRUE
LUDHIANA,PVT LTD LUDHIANA,"VPO JANDIALI, NEAR KOHARA, CHANDIGHAD ROAD, LUDHIANA",,LUDHIANA,141001,TRUE
MAMA,FC1 BAVLA,"AMAZON TRANSPORTATION SERVICES PRIVATE LIMITED NO 499, OPP PHARMA SEZ AND INTAS, NEAR INDUS INDUSTRIAL PARK CHANGODAR GIDC, GUJARAT",,AHMEDABAD,382210,TRUE
MATHURA,M/S CRD FOODS,"M/S CRD FOODS, VILLAGE KOSI KHURD BHARATPUR ROAD MATHURA, UTTAR PRADESH",,MATHURA,281005,TRUE
MBOX,"LK SPACES, RAJLAXMI TEXTILE PARK,POGAON","POGAON, MAHARASHTRA 421302",,BHIWANDI,421302,TRUE
MBTC,MBTCINT110039609,"POCKET J, SECTOR - 4 BUILDING NO./FLAT NO.: 113 AND 114 DSII DELHI, DL 110039",,DELHI,110039,TRUE
METRO CASH,"METRO CASH & CARRY,","SY NO.143, BLOCK NO.188 FINAL PLOT NO.37, SUB PLOT NO.2.VIP ROAD, OPP.TO SHAGUN VILLA ALTHAN, TALUKA DIST SURAT",,SURAT,395017,TRUE
MISC-001,VILAYAT BHARUCH,BHARUCH,,BHARUCH,392012,TRUE
MISC-008,UDAIPUR,UDAIPUR,,UDAIPUR,NA,TRUE
MISC-009,BOTAD,BOTAD,,BOTAD,NA,TRUE
MORENA,MORENA,"CENTRAL WAREHOUSE GATE NO.2 NEAR KRISHI MANDI, PARISHAR, NAINA GARH ROAD MORENA MP",,MORENA,476001,TRUE
MS-NAGPUR,"M/S NISARG ENTERPRISES,","PLOT NO A 13/29, MIDC AREA, NEAR FIRE STATION, BUTTIBORI, NAGPUR-2, MAHARASHTRA",,NAGPUR,441122,TRUE
MSTA,MSTA FC-1 SURAT,"ATSPL, MASCOT INDUSTRIAL AND LOGISTICS PARK, SURAT, GUJARAT 394315",,SURAT,394315,TRUE
MTL,MANJUSHREE TECHNOPARK LTD,UDHAM SINGH NAGAR RUDRAPUR,,RUDRAPUR,263153,TRUE
NAGPUR,RRL 20 CUBE WAREHOUSING & DISTRIBUTION LTD,"W/H ADD : KH NO 16, CHINCHBHUWAN, 14 MAIL, NEAR HP PETROL PUMP, KALMESHWAR ROAD, VILLAGE NIMJI, TAH KALMESHWAR",,NAGPUR,441501,TRUE
NAMHO FASH,NAMHO FASHION LUDHIANA,"RRL JHAJJAR REWARI ROAD E8/1684, ST NO.6, NEW BASANT VIHAR KAKOW NH 71 NEW NH 352 CHAINAGE RD 401 370 LUDHIANA",,LUDHIANA,141007,TRUE
NANDED,RRL CENTRAL WEARHOUSE,"NR, JAWAHAR NAGAR, TUPPA VILLAGE, NANDED",,NANDED,431603,TRUE
NARODA,"RRL, NARODA","RELIANCE RETAIL LIMITED, 103/106 - GATE NO 5, VIMAL COMPOUND, GIDC, NARODA AHMEDABAD, GUJARAT",,NARODA,382330,TRUE
NASIK,KALWAN,"RELIANCE RETAIL LTD, GIRNAR CC, NEAR BPCL PETROLEUM PUMP, DUGAON, NASHIK",,NASIK,422003,TRUE
NAVASRI,RRL GUJARAT STATE OFFICE - PL,"PLOT NO-16, BLOCK NO-1862, EURO FOO B/H GUJARAT HOTEL, NH-48, DEGAM, TA-CHIKHLI, DIST-NAVSARI, GUARATNAVSARI GUJARAT",,NAVSARI,396530,TRUE
NAVBHARAT,M/S NAVBHARAT INDUSTRIES,"A-37/1 MIDC KHAIRANE, TTC INDUSTRIAL AREA, NEAR PARIMEET HOTEL, BEHIND WHITE HOUSE, NAVI MUMBAI",,MUMBAI,400710,TRUE
NAVSARI,KRISHANA FOOD PRODUCT,PLOT NO-426 TO 429 NEW GIDC ROAD BARDOLI ROAD NAVSARI,,SURAT,396424,TRUE
Netsmeds,RELIANCE RETAIL LTD NETSMEDS,"MILKAT NO. 5527, 5528, 5529 FP NO-9 SK HOUSE, 2ND FLOOR, AMBICA ESTATE, B/H REAL WAFER GODOWN, NH NO-8 ASLALI AHMEDABAD",,AHMEDABAD,382427,TRUE
NKPPL,N K PROTEINS PVT LTD,"KADI Â€“ THOR VILLAGE Â€“ THOR, TALUKA Â€“ KADI, DIST Â€“ MEHSANA MEHSANA- 382721, GUJARAT",,MEHSANA,382721,TRUE
NOIDA,PG TECHNOPLAST PVT LTD,"PLOT NO 76 SECTOR ECOTECH 12 GAUTAM BUDH NAGAR, UTTAR PRADESH INDIA",,NOIDA,201306,TRUE
NORANG,NORANG FLOUR MILLS PVT LTD,JHUNDPUR INDUSTRIAL AREA SONIPAT,,SONIPAT,,TRUE
OAAI,23 MAHARAJA ESTATEBEHIND ANAND HOTEL,"SARKHEJ SANAND ROADSAR AHMEDABAD, GUJARAT 382210",,AHMEDABAD,382210,TRUE
OAM3,OAM3-AMAZON SELLER KATHWADA-1,"AHMEDABAD GIDC KATHWADA AHMEDABAD, GUJARAT 380005",,AHMEDABAD,380005,TRUE
OBS9,"112, TRIBHUVAN INDUSTRIAL ESTATE,","AHMEDABAD, GUJARAT 382430",,AHMEDABAD,382430,TRUE
OBXR,"01/A, 1ST FLOOR, ANZ INFINITYNEAR RANIPUR CHURCHN,","AHMEDABAD, GUJARAT 382405",,AHMEDABAD,382405,TRUE
OCSX,OCSX -AMAZON SELLER KHATWADA-2,"ACCURATEPRODUCTSANDSERVICES84-85, GIRIVARGLOBEINDUSTRIALPARK, AHMEDABAD, GUJARAT 382415",,AHMEDABAD,382415,TRUE
ODSL,SHARPEX ENGINEERING WORKS,"L BY 128 GIDC ESTATE, AHMEDABAD, GUJARAT 382415",,AHMEDABAD,382415,TRUE
ODX1,AMUL WAREHOUSE,"PLOT NO.371, CATTLE FEED FACTORY CAMPUS, NEAR AUDI SERVICE CENTER, AHMEDABAD, GUJARAT",,AHMEDABAD,382210,TRUE
OEEN,A-800 PEARL CITY,"SURAT, GUJARAT 395010",,SURAT,395010,TRUE
OEH3,PROPERTY NO. 4768 BLOCK/SURVEY NO,"773 OTHERS CADILA, AHMEDABAD, GUJARAT",,AHMEDABAD,382427,TRUE
OFRW,AMAZON SELLER GANDHINAGAR,"GROUND FLOOR A-46, BACK SIDE, PATEL NAGAR SURAT, GUJARAT 395008",,GANDHINAGAR,395008,TRUE
OFSU,RADIANT ENTERPRISE E-70GIDC,"GANDHINAGAR GUJARAT 382026 GANDHINAGAR, GUJARAT",,GANDHINAGAR,382026,TRUE
OFTU,"B-162,GIDC,","GANDHINAGAR, GUJARAT 382026",,GANDHINAGAR,382026,TRUE
OGFV,"E - 76-77 42-43, TULSI ESTATE","E - 76-77 42-43, TULSI ESTATE, OPP. BHAGYODAY HOTEL, CHAN CHANGODAR GIDC, GUJARAT",,CHANGODAR,382213,TRUE
OGGM,"ABLOCK-CELLAR, SIMANDHAR TOWER, JINMANGAJ C.H.S.L","AHMEDABAD, GUJARAT 380054",,AHMEDABAD,380054,TRUE
OGHJ,"17-A, RAMDEV ESTATE","NEAR RAILWAY GOTA, AHMEDABAD, GUJARAT",,AHMEDABAD,382481,TRUE
OGIH,MADHU INDUSTRIES PVT LTD.,"FIRST FLOOR PLOT NO. 39 PHASE I AHMEDABAD, GUJARAT 382445",,AHMEDABAD,382445,TRUE
OSFP,OM SAI FOOD PRODUCTS,"29000750 ADD-76, PO KOLSANA, VIA MORALI BAZAR, NEAR SUGA",,NAVSARI,396436,TRUE
PALGHAR,CANBARA,"CANBARA IND PVT LTD, UNIT-3 1017/3, OLD SATPATI ROAD, SHIRGAON, PALGHAR(W), DIS-PALGHAR-401404",,PALGHAR,401404,TRUE
PALSANA,PALSANA RICCO,"PALSANA, SIKAR",,PALSANA,332402,TRUE
PALSANA-GJ,PALSANA SURAT,ULTRADENIM LIFESTYLE PRIVATE PLOT NO. C9 GUJARAT ECO TEXTILE PARK NATIONAL HIGHWAY 8 GUJARAT,,PALSANA,394315,TRUE
PARSONS,PARSONS NUTRITIONALS PVT LTD,"PARSONS NUTRITIONALS PVT LTD, PLOT NO Â€“ 5, SITE Â€“ IV, INDUSTRIAL AREA, SAHIBABAD, GHAZIABAD Â€“ ( U.P. )",,GHAZIABAD,201010,TRUE
Pathankot,METRO CASH & CARRY,PATHANKOT BY BASS JALANDHAR,,JALANDHAR,144001,TRUE
PATIALA,"RELIANCE RETAIL LTD, E-GROCERY RMFC PATIALA","KHEWAT NO-3 KHATAUNI NO-6, VILL-BIR BAHADURGARH AND KHEWAT NO-30, KHATAUNI NO-40, VILLAGE KASBA ALIAS RURKI TEHSIL PATIALA",,PATIALA,147021,TRUE
PITHAMPUR,"RELIANCE BRANDS LTD, PITHAMPUR","MILLENNIUM BABYCARES PVT LTD, PLOT NO 111 112 SECTOR NO 2, PITHUMPUR INDUSTRIAL AREA PITHAMPUR",,PITHAMPUR,454775,TRUE
PL,KANPUR EDIBLES (P) LTD,MAYUR HOUSE KANPUR,,KANPUR,209304,TRUE
PL - ASHTA,SATHVIK AGRO FOOD INDUSTRIES PVT LTD,KHASRA NO 124 4 INDORE BHOPAL HIGHWAY VILLAGE DALAPATPURA,,ASHTA,466116,TRUE
PL- BAVLA,VIJAY MAMRA PVT LTD,"AHMEDABAD- BAVLA HIGHWAY RAJODA, BAVLA, DIST. AHMEDABAD",,BAVLA,382220,TRUE
PL- DEWAS,VIPPY INDUSTRIES LTD,"28 INDUSTRIAL AREA A. B. ROAD, DEWAS-455001 DEWAS",,DEWAS,455001,TRUE
PL- KHURDA,INDO NISSIN FOODS PVT LTD,"PLOT NO : A/2, IDCO FOOD PROCESSING PARK, KHORDHA INDUSTRIAL ESTATE, KHORDA, ODISHA",,KHURDA,752055,TRUE
PL Mahesan,PL WAREHOUSE,NA,,MAHESANA,384001,TRUE
PL(JAIPUR),"PLOT NO.A-118,B-119 & B-120","VISHWAKARMA INDUSTRIAL AREA, ROAD NO. 9, JAIPUR-",,JAIPUR,302013,TRUE
PL-AGRA,PL AGRA FOOTWEAR,ELAHI FOOTWEAR CONCEPTS,,AGRA,223007,TRUE
PL-AMBALA,QSCPL VF HR AMBALA GROCERY DC,"QWIK SUPPLY CHAIN PRIVATE LTD KHASRA NO 46/20, 21, 46/12, 19, 22 46/11, 46/9/3, KHEWAT/KHATONI N 616/794, VILLAGE MOHRA, HADBAST NO 188 AMBALA - 133004 HARYANA",,AMBALA,,TRUE
PL-ANAND,PL ANAND,SYPRAM WORLD TRADE PVT LTD 268NEAR SINJI WADA KANALTARAPUR- AHMEDABAD ROAD - TARAPUR-388 CITY CODE -388180 DIST-ANAND,,ANAND,388180,TRUE
PL-ASANGAO,PL ASANGAON VENDOR,"VIVA COSMETICS, C1/1 TO 6, RADHEYSHYAM INDUSTRIES ASANGAON, TALUKA - SHAHAPURA, DIST THANE",,ASANGAON,421601,TRUE
PL-B'GARH,PL BAHADURGARH,"OM POLYMERS, MIE PART B",,BAHADURGARH,124507,TRUE
PL-BHILWARA,"CALVINTEX VENTURES PVT LTD, BHILWARA","MANDAPIYA CHOARAHA, CHITTOR ROAD, NEAR JANKI PROCESS, BHILWARA",,BHILWARA,311001,TRUE
PL-BIKANER,SUN SHINE FOOD PRODUCTS PVT LTD,"F-88-89 BICHHWAL INDUSTRIAL AREA, BIKANER, RAJASTHAN",,BIKANER,334006,TRUE
PLCHOMU,RRL VF JPR CHOMU,PL DC RAJ-DC-CHO-9008 HATHNODA TEHSIL CHOMU DIST JAIPUR,,JAIPUR,303702,TRUE
PL-DAMAN,SHUBH SHAGUN PACKAGING PVT. LTD,"SURVEY NO : 172/3(80) & 172/4 (81), PANCHAL UDHYOG NAGAR",,DAMAN & DIU (UT),396210,TRUE
PL-DEHGAM,PANKAJ AGRO PROCESSING PVT LTD,OPP.MARADIYA FARM NEAR.RAILWA CROSSING DEHGAM GANDHINAGAR ROAD,,DEHGAM,382305,TRUE
PL-GHA'BAD,PL GHAZIABAD,"SONAM COLLECTION, TRONICA CITY",,GHAZIABAD,201102,TRUE
PL-GO'GARH,"JALLAN FOOD PRODUCTS, GOVINDGARH","KHASRA NO. 1566/2, VILLAGE DHOBLAI, GOVINDGARH",,JAIPUR,303718,TRUE
PL-HARIDWA,AKASHYOG,AKASHYOG HEALTH PRODUCTS PRIVATE LIMITED,,HARIDWAR,248401,TRUE
PL-INDORE,METRO CASH AND CARRY INDIA PVT LTD,"S.NO.17/8/1, 2/4/4, 17/3/1, 17/7/5/1, PIPLIYA KUMHAR P.H.NO.17 (NEW NO.40 INDORE(MADHYA PRADESH), INDORE, MADHYA PRADESH",,INDORE,452010,TRUE
PL-JAIPUR,SURAJMAL RAMNIWAS OIL MILLS PVT LTD,"A-69(A), ROAD NO-1D, V.K.I.AREA",,JAIPUR,302013,TRUE
PL-KHAMBHA,GHANSHYAM RICE MILL,AT- HARIYAN KANISHA HARIYAN ROAD TA -KHAMBHAT,,KHAMBHAT,388620,TRUE
PL-KHARGON,"NIMRANI, KHARGONE",AKSHAT AGRO MILLING COMPANY PVT LTD PLOT NO 1-8 AND 23 TO 33 FOOD PROCESSING PARK INDUSTRIAL AREA AB ROAD NIMRANI,,KHARGONE,451001,TRUE
PL-LIMBASI,PL WAREHOUSE LIMBASI,"KASHI AGRO BLOCK NO. 355 360 361 MALAWADA CROSSING LIMBASI TA MATAR, LIMBASI, DIST KHEDA",,LIMBASI,387520,TRUE
PL-LUDHIAN,PL LUDHIANA,"LIKE KNITTING, GT ROAD BYEPASS",,LUDHIANA,141003,TRUE
PL-MAHEMDA,"PL WAREHOUSE MAHEMADABAD, DIST KHEDA",MAHEMDAVBAD,,MAHEMADABAD,387130,TRUE
PL-MORENA,MORENA MP,305 SHRI BADRIDHAM RESIDENCI NARAYANI BALI GALI DATTPUR MURENA,,MORENA,476001,TRUE
PL-NAVSARI,SANIL TEX,"ECOSSENTIAL CLOTHING PVT.LTD, 2ND AND 3RD FLOOR, SHOP NO.1066/71, 2, 3 AND 1066/73, 1, OM SHOPPERS B, HANUMANBARI, VANSDA, NAVSARI",,NAVSARI,396580,TRUE
PL-NOIDA,SARAH INTERNATIONAL,"D-172, PHASE 2 EXTN, HOSIERY COMPLEX, NOIDA",,NOIDA,201304,TRUE
PL-PALGHAR,PL-PALGHAR ATLAS COMMODITIES,"M/S ATLAS COMMODITIES, 1010 DONGRIPADA, KAMAN BHIWANDI ROAD, KAMAN, TAL-VASAI, DIST-PALGHAR- 401208",,PALGHAR,401208,TRUE
PL-PANVEL,PL WAREHOUSE PANVEL,PANVEL,,PANVEL,410106,TRUE
PL-PIPLAJ,PIPLAJ,"CRIMINAL DAMAGE CLOTHING CO S. G ASSTED, A-1 / A-2 /F1, SURVAY NO. 10 B/H.BALAJI PETROL PUMP OPP. APMC BUILDING PIPLAJ",,AHMEDABAD,382405,TRUE
PL-RAJKOT,PL WAREHOUSE RAJKOT,RAJKOT,,RAJKOT,360001,TRUE
PL-ROORKEE,PL- ROORKEE WAREHOUSE,"PLOT NO: 12 (A), RAIPUR SAHKARI UDYOGIK KSHETRA, VILLAGE RAIPUR, (BHAGWANPUR), ROORKEE -",,ROORKEE,247667,TRUE
PL-SANAND,PL WAREHOUSE SANAND,"GHANSHYAM RICE MILL AT- HARIYAN KANISHA HARIYAN ROAD TA-KHAMBAT, DIST ANAND",,SANAND,382110,TRUE
PL-SURAT,POSHTIK FOOD PRODUCTS LLP,"PLOT NO. 45, GUJARAT AGRO INFRASTRUCTURE, SURAT",,SURAT,394421,TRUE
PL-VADODAR,PL VADODARA,"CARDIN HEALTH CARE PVT LTD. PLOT NO. 404 GIDC MOB. 9558812068 MANJUSAR, VADODARA GUJARAT - 391775",,VADODARA,391775,TRUE
PL-VAPI,PL WAREHOUSE VAPI,"M/S ACCRA PAC INDIA PVT LTD. PLOT NO. 1105, 3RD PHASE, GIDC VAPI -396195",,VAPI,396195,TRUE
PNUG,"SHOP NO- 11,NEAR SHANIKUNJ SOCIETY,BHABHAR HIGHWAY","RADHANPUR, GUJARAT",,RADHANPUR,385340,TRUE
QWIK,QWIK SUPPLY CHAIN PVT LTD.,"KHEWAT/KHATA NO.489/503 MUSTKIL, TOATL LAND, 17 KANNAL, 7 MARLA SHARE SALAM, NO 57, KILLA NO 8 & 9, 122004 GURGAON, HARYANA(06), 122004",,GURGAON,122004,TRUE
R280,FC BHIWANDI,"GALA-1-14 PLOT-GA-1 HISSA-3/2 VILLAGE K, SUMIT LOGISTICS & INDUSTRIAL PARK, TALUKA BHIWANDI DISTRICT THANE",,MUMBAI,421302,TRUE
R301,VF DC KOMPALLY,"SVY NO. 645/B DEVARAYAMJAL VILLAGE, SHAMIRPET MANDAL, MEDCHAL- MALKAJGIRI DIST, HYDERABAD",,HYDERABAD,500014,TRUE
R321,AKOLA,"RRL PVT LABEL AKOLA, M K AGRO COLD, PLOT NO 168, MIDC YEOTA ROAD, AKOLA",,AKOLA,444104,TRUE
R406,RRL DIGITAL DC SIRHIND,RELIANCE DIGITAL LIMITED KHEWAT KHATONI NO 2/2 MOHALI SIRHIND ROAD VILLAGE-MUKARAMPUR ISHER HALI FATEHGARH SAHIB,,SIRHIND,140406,TRUE
R414,GURGAON 2 DRY DC,"RECT-47/KHASRA-9/2-10/1-11/2-1-2/12/1-2/, VILLAGE TAJNAGAR TEHSIL FARRUKHNAGAR",,GURGAON,,TRUE
R464,FC BAVLA,"GALLOPS INDUSTRIAL PARK-1, NH-8A, VILL- RAJODA, TEH- BAVLA, DIST - AHMEDABAD",,AHMEDABAD,382220,TRUE
R465,FC GROCERY AHMEDABAD,NA,,AHMEDABAD,380004,TRUE
R466,RRL LUHARI FC,RELIANCE RETAIL LTD,,JHAJJAR,124507,TRUE
R468,DC RAJAHMUNDRY,"VILLAGE/GRAM PANCHAYAT- HUKUMPET, RAJAHMUNDRY RURAL MANDAL, DIST- EAST GODAVARI, RAJAHMUNDRY",,RAJAHMUNDRY,533107,TRUE
R696,RRL MUMBAI DIGITAL DC,SAPTASHREE WAREHOUSE WAHULI OPP PUSHKAR MELA RESORTS BHIWANDI MUMBAI,,BHIWANDI,421302,TRUE
R702,DC KHEDA,"SUMER LOGISTICS PARK, NH-8, AHEAD OF COCA COLA FACTORY, VILLAGE BETDILAT",,KHEDA,387411,TRUE
R810,"RRL, JAIPUR DIGITAL DC",SITAPURA EXTENSION,,JAIPUR,302022,TRUE
R834,NAGPUR,RRL SSL NAGPUR PRIVATE LABEL RELIANCE RETAIL LIMITED NAG-SSL-PL-001 NAGPUR,,NAGPUR,441104,TRUE
R836,PL WAREHOUSE CHANGODAR,"ARNAV WAREHOUSING LTD, OPP MORAIYA GAM, TALUKA SANAND",,AHMEDABAD,382220,TRUE
RAI,BIKANERVALA FOODS PVT LTD,"HSIIDC INDUSTRIAL ESTATE, PHASE-II, PLOT NO-2272-2275, RAI HARYANA",,RAI,131029,TRUE
RAIGAD,PARAKH FOODS AND OILS LTD,"VILLEGE DEVNHAVE, PALI ROAD, KHOPOL RAIGAD MAHARASHTRA, 410203 RAIGARH(MH), MAHARASHTRA",,RAIGAD,410203,TRUE
RAIGARH,RAIGARH CWC-2,KASHIRAM CHAOK ODISHA ROAD RAIGARH,,RAIGARH,496001,TRUE
RAIPUR,GD LOGISTICS,"GD LOGISTICS, RING ROAD NO-03, VIDHANSABHA ROAD, RAIPUR",,RAIPUR,492001,TRUE
RAJK,"SURVEY NO.: 102/P1, HITECH INDUSTRIAL PARK","NEAR SOKHADA RAJKOT, GUJARAT 360003",,RAJKOT,360003,TRUE
RAM2,FC1 BAVLA RAM2,"SAME AS MAMA AHMEDABAD, GUJARAT 382213",,BAVLA,382213,TRUE
RAMDEV RIC,SHREE RAMDEV RICE AND PULSE MILL,"NEAR LAKE, NAYKA NAYKA- DIST. KHEDA- 3 GUJARAT",,KHEDA,387550,TRUE
RFPP,RASRASNA FOOD PRODUCTS(I)PVT LTD,"E-66, BICHHWAL INDUSTRIAL AREA, BIKANER",,BIKANER,334006,TRUE
RGUJ,SAME AS GUJX,"SAME AS GUJX BAVLA, GUJARAT",,BAVLA,382220,TRUE
ROHTAK,SWASTH AAHAR PVT LTD,"15 K.M. MILE STONE DELHI ROHTAK NATIONAL HIGHWAY NO -10, NEXT TO L.P.S. BOSSARD KHARAWAR ; DISTT. ROHTAK HARYANA",,ROHTAK,124021,TRUE
ROORKEE,WONDER FIBROMATS LTD,"KHASRA NO. 105-106, RAIPUR INDUSTRIAL AREA, BHAGWANPUR, ROORKEE",,ROORKEE,247667,TRUE
RR JAIN,RR JAIN INDUSTRIES,"SHARMAN RATTAN ENCLAVE, BAHADUR KE LUDHIANA PUNJAB",,LUDHIANA,141008,TRUE
RRL TRENDS,NDC SULTANPUR,"INDUSTRIAL PLOT 6, DADRI",,JHAJJAR,124103,TRUE
RRLCD,RRL CONSUMER BRAND,RRL CONSUMER BRAND DELHI,,DELHI,110000,TRUE
RUDRAPUR,SWG INDUSTRIES,"LIMITED, PLOT NO 8, SECTOR-1 II E PANTNAGAR, RUDRAPUR, (U.S.NAGAR) UTTARAKHAND, UDHAM SINGH NAGAR, UTTARANCHAL",,RUDRAPUR,263153,TRUE
RV FOOD,R.V.FOOD PRODUCTS,"R.V.FOOD PRODUCTS PLOT NO.624 PLOT NO.624, PHASE, NARODA",,AHMEDABAD,380038,TRUE
S0BN,RRLWEST MH PADGHA,BHIWANDI,,BHIWANDI,,TRUE
S0CV,RRL RAJPURA PUNJAB DIGITAL DC,RELIANCE RETAIL LIMITED BUILD NO B500 INDOSPACE LOGISTICS PARK RELIANCE RTL LTD CO ISHANVI INDUSTRIAL P RAJPURA VILLAGE CHAMARU RAJPURA,,RAJPURA,140401,TRUE
S0GT,RRL SULTHANPUR TRENDS DC,"INDUSTRIAL PLOT N1 STREET NIMANA SECTOR5, MODEL ECONOMIC TOWNSHIP TEHSIL BADLI DISTRICT JHAJJAR HARYANA JHAJJAR",,JHAJJAR,124103,TRUE
S0GZ,"RRL DC,SHRI VINAYAK LOGISTICS",SR NO 135 1 136 1 AND 141 1 1 141 1 2 A B ROAD VILLAGE BARODA ARJUN THL SANWER SAWER INDORE MADHYA PRADESH,,INDORE,453771,TRUE
S0HF,"RRL MP INDORE DC,",26 2 MANGLIYA PATWARI HALKA LASUDIA PARMAR A B ROAD NEAR RELIANCE PETROL PUMP INDORE MADHYA PRADESH,,INDORE,452010,TRUE
S0HT,RELIANCE RETAIL LTD TRENDS BADLI,"BUILDING NO-B 900, INDOSPACE INDUSTRIAL"", ""PAHASOUR-, FAIZABAD, JHAJJAR BADLI ROAD, "", ""& LOGISTICS PARK, BADLI COMPLEX, VILLAG JHAJJAR",,JHAJJAR,124105,TRUE
S0IY,QSCPL VF MH PUNE CHAKAN DC,ESR CHAKAN II INDUSTRIAL&LOGISTICS PARK VILLAGE AMBETHAN TAL KHED CHAKAN,,PUNE,410501,TRUE
S0NW,MICROTROL STERILISATION SERVICES PVT LTD,"R.S.NO.338, STATE HIGHWAY, VILLAGE BRAHMANWADA, TALUKA - UNJHA, MEHSANA GUJARAT",,MEHSANA,384135,TRUE
S0NX,RRL AGRI BUSINESS MURTHAL,RRL AGRI BUSINESS MURTHAL RELIANCE RETAIL LIMITED BANSAL BROTHERS CHAMBER NO 2/6/7 KHEWAT TEHSIL & DISTRICT SONIPAT HARYANA NO159 MIN 344 KHATA NO 255/56 BHATURI SONIPAT,,SONIPAT,131001,TRUE
S0WJ,MH ANTARIKSH LOGIDROME,"BLDGNO B6 SAPE AMANE VASHERE VILLAGE BHIWANDI THANE MAHA PADGHA KALYAN RD OPP RENAISSANCE COMPLEX BHIWANDI, MH",,BHIWANDI,421302,TRUE
S0XB,RRL SIS VF GJ NAVSARI SURAT FFDC,"534 CANAL ROAD, VESMA CHOKDI, BLOCK NO533, 534, VESMA, KUCHED NAVSARI",,SURAT,396475,TRUE
S1II,PBG NAG W MAH,NAGPUR,,NAGPUR,,TRUE
S1NI,RELIANCE RETAIL LTD RRL,"RRL C/OPRANIK LOGISTICS, SUR NO 636, 637 RELIANCE RETAIL LIMITED, VILLAGE- HARIYALA, TALUKA KHEDA, DISTRICT-KHEDA, GUJARAT KATHLAL",,KHEDA,387120,TRUE
S1OP,RELIANCE RETAIL LTD.,AMTA AMTA BAGNAN ROAD DEORA HOWRAH AMTA2 WEST BENGAL,,HOWRAH,711401,TRUE
S1QX,RRL VF VIDISHA PL DC,"KHASRA NO 338 &340 VILLAGE DHATURI, HAVELI MANAGEMENT LIMITED, STAR AGRI WAREHOUSING & COLLATERAL, VIDISHA",,VIDISHA,464001,TRUE
S1UQ,RRL AGRI INDORE MP PL D RELIANCE RETAIL,"L, SR 236/1/233/3/4/67/54 PAIKI PATW HALKA MANISH MAHESHWARI BALAJI WAREHOUSE VALLAGE DAKACHIA TEHSIL SANWA INDORE",,INDORE,452001,TRUE
S223,RRL TRENDS BADLI DC RELIANCE RETAIL LTD,INDOSPACE INDUST & LOGISTICS PARKTEHSIL BADLI DIST JHAJJAR BADLI HR,,JHAJJAR,124105,TRUE
S2GZ,QSCPL VF KOLKATA PL DC,HOWRAH,,HOWRAH,,TRUE
S2NA,RRL CONSUMER BRAND BHIWANDI CF,BHIWANDI,,BHIWANDI,,TRUE
S2OH,"RELIANCE RETAIL LTD, RRL HR KURUKSHETRA WH","NAND LAL GARG HUF WH, KHEWAT 31, 32, KH164, 42 TO 54/ 5/ 23/1/ 3/5/ 36/ 11/12/ 7/20, 26/3 / 3 / 5 AT VILLAGE TOWN KAMODA, THANESAR",,THANESAR,136118,TRUE
S3OM,RRL PL BKVK KUNDLI MANIYARI,RRL PL BKVK KUNDLI MANIYARI RELIANCE RETAIL LIMITED KHEWAT NO 1328 KHATA NO 1328 KHATA NO 1474 NARELA PIAU MANIYARI ROAD SECTOR 48 KUNDLI SONIPAT (HR),,SONIPAT,131028,TRUE
S3ON,PBG INDW MP,GRAM DAKACHIYA TEHSIL SANWAR INDORE RRL C/0 PRANIK LOGISTICS INDORE,,INDORE,452006,TRUE
S3OU,RRL BHIWANDI DC,COMPANY RRL MH BHIWANDI PL RELIANCE RETAIL LIMITED INDIAN CORPORATION BLDG NO 111 & 120 UNIT 5 TO 8 JUMBO BUILDING MANKOLI NAKA DAPODE VILLAGE BHIWANDI BHIWANDI,,BHIWANDI,421302,TRUE
S3QR,RRL ECOM EXPRESS LTD CB,HOWRAH,,HOWRAH,,TRUE
S3RW,RRL KASHIPUR,KHASRA NO 53MIN & 54MIN NAGAR INDUSTRIAL ESTATE BAZPUR ROAD KASHIPUR,,KASHIPUR,247667,TRUE
S3TP,RRL DIGITAL JAIPUR AJMER ROAD DC,"""KHASRA NO 1, 5, 6, 8, 9, 10"" 894/1 896/8 898/9 VILLAGE SARANGPURA TEHSIL SANGANER DISTRICT JAIPUR RAJ",,JAIPUR,302026,TRUE
S3WL,RRL AGRI SOURCING PRERNA RELIANCE RETAIL LTD,"PRERNA GARG CHAMBER NO, 01 & 02 KHASRA NO 40-2, 4-0, 40-3, 1-0, SITUATED IN THE REVENUE STATE VILLAGE HAMIDPUR ALIPUR",,ALIPUR,110036,TRUE
S3XT,RRL COLD STORAGE MOTHER SHREE,"RELIANCE RETAIL LIMITED GJ-DC-AHM-005 PLOT NO 49/50, PHASE L ""BEHIND, JAYHIND METAL"" GIDC, NARODA AHMEDABAD",,AHMEDABAD,382330,TRUE
S410,CONCEPTS HYGIENE PVT LTD,"532 NR MAAN LAKE, OAD VILLAGE PIRANA ROAD SP RING ROAD",,AHMEDABAD,382421,TRUE
S433,DBS DC DASANPURA HOBALI,"SCHENKER LOGISTICS CENTRE (SLC), SURVEY NO 71 DASANAPURA VILLAGE, DASANAPURA HOBLI RAUTANAHALLI RD, 562123 BANGALORE",,BANGALORE,562123,TRUE
S4WV,RRL RAI PACKING CENTRE RELIANCE RETAIL LTD,PLOT NO. 401 PHASE- V FOOD PARK HSIIDC INDUSTRIAL ESTATE RAI OPP YAKULT MILK DAIRY 131029 SONIPAT (HR),,SONIPAT,131029,TRUE
s4wx,RRL NARODA AHMEDABAD,"103-106, GATE NO 5, VIMAL COMPOUND GIDC, NARODA AHMEDABAD",,AHMEDABAD,380038,TRUE
S4XC,RRL FOOTPRINT SULTANPUR NDC,"INDUSTRIAL PLOT NO 1, VILLAGE: DADRI TOE, JHAJJAR HARYANA JHAJJAR",,JHAJJAR,124103,TRUE
S531,RRL AKBARPUR SONEPAT,RELIANCE RETAIL LIMITED M/S PARAS PRODUCTS PVT LTD KILLA NO 91//16/2 17/1 17/2 24/1 24/2/1 24/2/2 2 VILLAGE AKBARPUR BAROTA DISTRICT SONEPAT,,AKBARPURA,131103,TRUE
S537,RRL BHIWANDI,"RELIANCE RETAIL LTD. O1, SAGAR COMPLEX, VILLAGE OVLI, OPP. HP PETROL PUMP, MUMBAI-NASHIK HIGHWAY, BHIWANDI",,BHIWANDI,421302,TRUE
S542,TVS DC NAGPUR,"KHASRA NO 60 MOUZA KHAPARI P H NO 23, KALMESHWAR BYPASS ROAD, TAL KALMESHWAR DISTRICT NAGPUR",,NAGPUR,440023,TRUE
S570,SAGAR COMPLAX,"BHIWANDI NASIK ROAD, BHIWANDI",,MUMBAI,421308,TRUE
S573,RRL CDIT RAIPUR CG DIGITAL,RELIANCE RETAIL LIMITED G D LOGISTIC PARK LAND KHASRA NO 557/11 PATWARI HALKA NO 22 NEAR RAILWAY OVERBRIDGE RING ROAD 3 GIROUD,,RAIPUR,493111,TRUE
S581,RRL AJIO,"RRL AJIO B2B DC BADLI, 900 DC PAHASOUR FAIZABAD JHAJJAR BADLI ROAD HARYANA",,JHAJJAR,124105,TRUE
S682,"RRL AJIO, KHOPOLI",KHOPOLI DC,,KHOPOLI,410203,TRUE
S699,RRL-BADLI JHAJJAR,"DB SCHENKER CDIT C/O INDO SPACE INDUSTRIAL PARK PVT LTD 20 CUBE WAREHOUSING & DISTRIBUTON LTD. VLG PAHASOUR FAIZABAD PO BADLI JHAJJAR, BADLI ROAD MDR 123 NEAR DON BOSCO SCHOOL",,JHAJJAR,124105,TRUE
S701,RELIANCE RETAIL LTD CHENNAI,PROCONNECT SUPPLY CHAIN SOLUTION LTD 79 KURUTHANAMEDU VILLAGE KAVARAIPET,,CHENNAI,601206,TRUE
S729,PL COLD STORE SONIPAT,"HR-PL-SOPT-01-B, M/S VRINDAVAN AGRO FOOD COLD STORAGE, 102/14/1/1 VLG AKBARPURA BAROTA SEC42, NARELA SAFIABAD ROAD DISTRICT SONIPAT",,SONIPAT,131001,TRUE
S837,FC VADODARA,"OPP RELIANCE GUJARATI MEDIUM SCHOOL, PETROCHEMICALS TOWNSHIP, REFINERY ROAD VILLAGE UNDHERA, SECTOR-1 PO PETROCHEMICALS TOWNSHIP, VADODARA",,VADODARA,391345,TRUE
S845,"FC KUMBHERPHAL, AURANGABAD","EGROCERY FC KUMBHERPHAL AURANGABAD, PLOT NO. D-190, SHENDRA FIVE STAR INDUSTRIAL AREA, KUMBHERPHAL SHENDRA, MIDC, AURANGABAD-431201",,AURANGABAD,431201,TRUE
S846,FC RELIANCE MARKET MANGALIYA,"KHASRA NO 44, MANGALAYA, VILLAGE LASUDIA P, OPP HPS BOTTLING PLANT, TEHSIL SANVER, AB ROAD",,INDORE,452001,TRUE
S861,LUCKNOW MOHAN ROAD,"CDIT DC DB SCHENKER LUCKNOW MOHAN ROAD, NEAR SHIVANI PUBLIC SCHOOL, VILLAGE BHAUKAPUR, KHASRA NO 539BA/ 644 LUCKNOW",,LUCKNOW,226401,TRUE
S950,RMFC PATIALA,"RELIANCE RETAIL LIMITED, E-GROCERY RMFC PATIALA, KHEWAT NO-3 KHATAUNI NO-6, VILL-BIR BAHADURGARH AND KHEWAT NO-30, KHATAUNI NO-40, VILLAGE KASBA ALIAS RURKI TEHSIL PATIALA, PATIALA",,PATIALA,147021,TRUE
SA87,E GROCERY,"FC, RAIPUR",,RAIPUR,492001,TRUE
SACU,RRL NAGPUR SAMRUDHHI DIGITAL DC,"RRL NAGPUR SAMRUDHHI DIGITAL DC, RELIANCE RETAIL LTD C/O FRL SUR NO 60, 1 2 3 B 83 2 84 85 A/B 86TO90 91 1 91 4, PATWARI HALKA N71 MOUZA WADGAON HINGNA, NAGPUR - 441122",,NAGPUR,,TRUE
SADW,QWIK SUPPLY CHAIN PVT LTD BHW,QSCPL VF-BHW-MILESTONE COMPOUND SN43/1/2A/1C 44/1D/A/C 45/1A/2A/2B 46/1A 1B/C/D/3E/4E/1E/7B/7A A5/6/8 MILESTONE COMPD IND COOP VLG DIVE ANJUR BHIWANDI THANE,,THANE,421302,TRUE
SAEX,SAEX - QSCPL - VF APPAREL DC HR,JHAJJAR REWARI ROAD NH 71 NEW NH 352 CHAINANGE RD 401 370 VILLAGE GHIJA ROAD JHAJJAR,,JHAJJAR,124103,TRUE
SAEY,SAEX QSCPL - VF APPAREL DC HR,JHAJJAR REWARI ROAD NH 71 NEW NH 352 CHAINANGE RD 401 370 GHIJA ROAD JHAJJAR,,JHAJJAR,124103,TRUE
SAEZ,RRL VF DL JINENDER BAKOLI PL DC,RRL VF DL JINENDER BAKOLI PL DC RELIANCE RETAIL LIMITED JINENDER KUMAR JAINCHMBR NO 12&3 NEW KHEWAT NO 370 MIN MUTATION NO 370 KHASRA NO21/8 9 HADBAST NO 33 BAKOLI NORTH DELHI,,BAKOLI,110007,TRUE
SAFY,YOUSTA NAGPUR KALAMESHWAR DC,YOUSTA NAGPUR KALAMESHWAR DC RELIANCE RETAIL LIMITED SURVEY NO 471 TO 476 MOUZA KHUMARI P S K 12 AND SURVEY NO 41 42/1 42/2AND43 MOUZA KOKARDI P S K 12 KALAMESHWAR NAGPUR,,KALAMESHWAR,441502,TRUE
SAI INTERN,SAI INTERNATIONAL,"PLOT NO-315, 316, SECTOR-17 HSIIDC, FOOTWEAR PARK, BAHDURGARH, HARYANA",,BAHADURGARH,124507,TRUE
SAIT,RRL-NORTH-RJ-JAIPUR,JAIPUR,,JAIPUR,,TRUE
SAJL,RRL VF UP KANPUR CHACHENDI PL DC,"UTTAR PRADESH RRL KALPI RD, CHACHENDI URF SACHENDI IST, ARAZI NO 882, 883, KA MI, NH-2, KANPUR NAGAR GROUND FLR",,KANPUR,209304,TRUE
SAME,INDRAPRASHTHA INDUSTRIAL LOGISTICS HUB VADALA,"VADALA PATIA ROAD KHEDA, GUJARAT",,KHEDA,387570,TRUE
SAMN,TRENDS NAGPUR KALAMESHWAR DC,"RELIANCE RETAIL LIMITED SY NO 471 TO 476, MOUZA KHUMARI, PSK 12 AND SURVEY NO41, 42/142/2 AND 43 MOUZA KOKARDI, PSK 12 KALAMESHWAR",,KALAMESHWAR,441502,TRUE
SAMPAKA,F&L ECOMM SAMPAKA JIT CDC,QWIK SUPPLY CHAIN PRIVATE LIMITED FARUKHNAGAR GURGAON VILLAGE SAMPAKA,,GURGAON,122503,TRUE
SANAND,CHEMCO PLASTIC INDUSTRIES PVT LTD,"BOL INDUSTRIAL ESTATE PHASE II, BOL INDUSTRIAL ESTATE PHASE II, PLOT NO. PE 45, SANAND GIDC, ROAD NO. F/38, SANAND AHMEDABAD GUJARAT",,AHMEDABAD,382170,TRUE
SANATHAL,RELIANCE RETAIL LTD. SANATHAL WAREHOUSE,"SURVEY NO.278 & 234 LOT NO : 54 & 95, SP RING ROAD, SANATHAL OKAF, AHMADABAD GUJARAT",,AHMEDABAD,382210,TRUE
SATNA,SMART HUB SATNA RRL,KHASRA NO.75TO79 &161168 &173 VILLAGE SARISTAL SATNA PANNA MAIN ROAD TEHSIL RAGHURAJ NGR,,SATNA,485441,TRUE
SB01,DC KHOPOLI,"BLDG NO B 100, SHED 100, INDRAN LOGISTICS, INDOSPACE INDSUSTRIAL AND LOGISTICS KHOPOLI II COMPLEX VILLAGE AJIVALI TALUKA KHALAPUR RAIGD",,MUMBAI,410203,TRUE
SB70,RRL WAREHOUSE RAJKOT,AARNAV WHS LLP C/O DML WHS OPP SKYWIN SPINNING MILLS JIYANA KUVADA WANKANER ROAD,,RAJKOT,360003,TRUE
SB85,RRL AJIO B2B CDC,"JAIPUR LOGISTICS PARK, BAGRU, NH8, JAIPUR (RJ)",,JAIPUR,303007,TRUE
SBI0,"RAM NAGAR, SABARMATI, AHMEDABAD, GU","AHMEDABAD, GUJARAT 380005",,AHMEDABAD,380005,TRUE
SBOB,"F-2,SURVEY NO. 122/7C,122/2,122/1,118/1,118/7,131","AYUSHI SPA BHIWANDI, MAHARASHTRA",,BHIWANDI,421101,TRUE
SC30,AJIO BAGRU DC,"JAIPUR LOGISTICS & WAREHOUSE, VILLAGE RAVAN, BAGRU",,JAIPUR,303007,TRUE
SC39,CC VADODARA,NA,,VADODARA,391775,TRUE
SC40,CC SABARKANTHA,GJ Q,,HIMMATNAGAR,383001,TRUE
SC52,VF BHOPAL SANCHIT DC,KHASRA 111 1 2 ADAMPUR CHAWNI VILLAGE AD PS BILKHIRIANEAR RESHMRAO HOTEL ADAMPUR ADAMPUR RAISEN ROAD BHOPAL-462022,,BHOPAL,462022,TRUE
SC54,DC BADLI,"SCHENKER INDIA PVT LTD, INDOSPACE INDUSTRIAL AREA, VILLAGE PAHASOUR FAIZABAD, PO BADLI JH",,DELHI,0,TRUE
SC79,"KD LGS DC WADPE, BHIWANDI","RICHLAND COMMERCIAL HUB BLDG NO D 6A & UNIT NO 12 TO 18 WADPE VILLAGE ROAD, NASIK HIGHWAY BHIWANDI, MUMBAI",,MUMBAI,421302,TRUE
SC80,QWIK SUPPLY CHAIN PVT LTD BHIWANDI,RICHLAND COMMERCIAL HUBBLDG NO D6 A & 6B UNIT NO 12 TO 18 WADPE VILLAGE ROAD NASIK HIGHWAY BHIWANDI MUMBAI,,BHIWANDI,421302,TRUE
SCB0,QSOPL VF TVS WADPE BHIWANDI DC,BHIWANDI MAHARASHTRA,,BHIWANDI,,TRUE
SD29,HAPUR,"VILLAGE BHOVAPUR, RELIANCE ROAD HAPUR",,HAPUR,245101,TRUE
SD32,FRAO CDC RANCHI VILLAGE TETRI,"ADDRESS- CDC RANCHI VILLAGE TETRI FOOD L, CDC RANCHI VILLAGE TETRI BB F, VILLAGE TETRI THANA NAMKUM, RANCHI, JHARKHAND",,RANCHI,834010,TRUE
SD34,CDC-BANUR-RAJPURA-(SF-FOOD),"CDC-BANUR-RAJPURA-(SF-FOOD) KHASRA NO 1243 1218 1219 1217 1221 1222, 359 363HADBAST146VILLSHAMBHUKALANTEHSIL, RAJPURA, PUNJAB",,RAJPURA,140417,TRUE
SD72,RRL AKBARPUR SONEPAT PL DC,RELIANCE RETAIL LIMITED SR TECHNO SOFT PVT LTD KH NO 101//1/1/21 11/2/1 102//5/2/3 5/2/2 5/4/1/2 5/4/22 6 VILLAGE AKBARPUR BAROTA DISTRICT SONIPAT,,SONIPAT,131103,TRUE
SD95,YAYATH WH INDORE,RELIANCE RETAIL LTD YAYATH BUILDTECH 10/1 EMPIRE LOGIPARK AB ROAD INDORE MADHYA PRADESH,,INDORE,453551,TRUE
SE02,AJIO SURAT GJ JIT DC R,RELIANCE RETAIL LIMITED STOCKSTACK LOGISTIC SOLUTIONS PVT LTD LABDHI INDUSTRIAL PARK MUMBAI AHMEDABAD HIGHWAY NH48 BALESHWAR VILLAGE SURAT,,SURAT,394317,TRUE
SE27,QWIK TRENDS MIHAN,NAGPUR DC,,NAGPUR,440001,TRUE
SE31,MIHAN DC,"RELIANCE RETAIL LTD., MIHAN DC, NAGPUR, NEAR MADC AND KHAPRI METRO STATION",,NAGPUR,441108,TRUE
SE32,"RRL TRENDS, SADHRANA DC","SADHRANA, GURUGRAM",,GURUGRAM,122505,TRUE
SE50,MDC-NAGPUR-MIHAN SEZ,"MDC-NAGPUR-MIHAN SEZ(BB-APPS, GM, HF), A DIV OF FUTURE RETAIL LIMITED, NEAR MADC MAIN OFFICE, MIHAN SEZ, WARDH RD, NEAR BAB SAHEB INTERNATIONAL AIRPORT, NAGPUR",,NAGPUR,441108,TRUE
SE59,RRL-EAST-BIHAR-PATNA,RELIANCE RETAIL LIMITED PROCONNECT SUPPLY CHAIN SOL LTD KHATA NO4 PLOT NO 8&9 JAIRAM NAGAR MAHULI ROAD VILLAGE KHOTIA -PATNA,,PATNA,800009,TRUE
SE60,RRL WEST MAHA,NAGPUR,,NAGPUR,,TRUE
SE69,"RRL, JAIPUR","20CUBE WAREHOUSING & DISTRIBUTION PVT. LTD., SP-636 (A-1), ROAD NO. 6, VKI AREA",,JAIPUR,302013,TRUE
SE95,RRL PL YAYATH,"VILLAGE VASNA, CHACHARWADI, TALUKA SANAND",,AHMEDABAD,382213,TRUE
SE96,CWC AKOLA,"CWC, AKOLA",,AKOLA,444006,TRUE
SF06,RRR TRENDS ECOM MIHAN NAGPUR,NAGPUR,,NAGPUR,,TRUE
SF50,RRL PL BRG AMAR COLD CHAIN INDORE,"RELIANCE RETAIL LIMITED, KH NO 535/1/1 & 539/1 VILLAGE, BADIYAKIMA NEMAWAR ROAD, TEH, DIST INDORE",,INDORE,452016,TRUE
SF51,RRL RAJKOT,RELIANCE RETAIL LIMITED AT SATADA NO 141 AND 142 P2 SHREENATHJI INDUSTRIAL ZONE 4 PART 2 N A A PLOT NO 3 SATADA KUVADA RAJKOT,,RAJKOT,360003,TRUE
SF67,RRL VF JAIPUR SDFX DC,RELIANCE RETAIL LIMITED RRL VF JAIPUR,,JAIPUR,302013,TRUE
SF86,MANDIDEEP DC,QSCPL VF BHOPAL IBOB DC SS WAREHOUSE AND LOGISTICS VLG SARAKIYA NEAR MANDIDEEP INDUSTRIAL AREA MANDIDEEP (BHOPAL),,MANDIDEEP,462046,TRUE
SF91,RRL PL HR COLD PVT LTD,NA,,AHMEDABAD,380001,TRUE
SG07,INDORE FC,RRL INDORE EGROCERY FC SHRI VINAYAK LOGISTICS SANWER,,INDORE,453771,TRUE
SG29,STOCK SUGAR,"RELIANCE RETAIL LTD, BEHIND ESSAR PETROL PUMP, NEAR SANATHAL CIRCLE",,AHMEDABAD,382210,TRUE
SG84,RRL TRENDS UNNAO LUCKNOW DC,"RELIANCE RETAIL LIMITED, VILLAGE BAJEHARA NH-25 PARGANA TEHSIL HASANGANJ",,UNNAO,209859,TRUE
SH09,RRL AJIO B2B KHOPOLI 2 DC,RELIANCE RETAIL LIMITED BUILDING NO B 500 IKSHITA LOGISTICS PARK INDOSPACE LOGISTIC PARK KHOPOLI VLG AJIVALI TALUKA KHALAPUR RAIGAD KHOPOLI,,KHOPOLI,410203,TRUE
SH20,DUMARTARAI RAIPUR,"KHASRA NO. 193/19 BLOCK G L.K CORPORATES AND LOGISTICS PARK NH-30 NEW DHAMTARI ROAD, DUMARTARAI",,RAIPUR,492015,TRUE
SH50,RRL AJIO BADLI,"RRL AJIO B2B CDC BADLI RELIANCE RETAIL LIMITED B1200, INDOSPACE INDUSTRIAL AND LOGISTIC PARK, PAHASORUR, FAIZABAD, JHAJJAR, BADLI ROAD, HARYANA",,BADLI,124105,TRUE
SH65,RRL VF MH NAGPUR GATI DC,RELIANCE RETAIL LIMITED VFDC KHUMARI TAH. KALMESHWAR DIST. NAGPUR,,NAGPUR,441502,TRUE
SH66,RRL VF OD KHURDA PL DC,RELIANCE RETAIL LIMITED RELIANCE RETAIL LIMITED A/21A/ 21/AA/22A/22/BA/22/B PKHOLADWAR INDUSTRIAL AREA MOUZA MUKUNDAPRASAD KHORDA,,KHURDA,752055,TRUE
SH71,RRL VF MP GROCERY KHAMKHEDA DC RAISEN,KHAMKHEDA RAISEN,,KHAMKHEDA,,TRUE
SH92,"ASLALI WAREHOUSE, LOCATED AT OLD SURVEY","ASLALI WAREHOUSE, LOCATED AT OLD SURVEY NO./BLOCK NO. 1389 AND NEW SURVEY NO/ BLOCK NO. 1461 OF VILLAGE ASLALI, TALUKA DASKROI DISTRICT AHMEDABAD",,AHMEDABAD,382427,TRUE
SH95,AHMEDABAD,"SHED NO.2 GROUND FLOOR, BLOCK NO. 505, MOUJE, ASLALI, TALUKA DASKROI, AHMEDABAD",,AHMEDABAD,382430,TRUE
SHARDA IND,"SHARDA INDUSTRIES, SANAND",SHARDA INDUSTRIES PLOT NO.12GAYATRI IND ESTATE NR.MANPASAND WAY BRIDGE VIRAMGAM ROAD SANAND,,SANAND,382110,TRUE
SHEOPUR KA,SMART HUB SHEOPUR KALAN,RRL CENTRAL WAREHOUSE GODOWN NO 6 SHEOPUR KALAN II KHATOULI ROAD JAIDA,,SHAHPUR,476337,TRUE
Shoemac,SHOEMAC EXPORTS,"143-MANAS NAGAR, SHAHGANJ AGRA",,AGRA,282010,TRUE
SI02,SH65 QSCPL VF MH NAGPUR GATI,NAGPUR,,NAGPUR,,TRUE
SI05,QSCPL VF GJ AHMBAVLA GROCERY,KOCHARIYA BAVLA,,BAVLA,,TRUE
SI77,SMART HUB RAIPUR RRL,POWER LINE ACCESSORIES ROAD INDUSTRIAL AREA BHANPURI RAIPUR CHHATTISGARH,,RAIPUR,492003,TRUE
SI81,SMART HUB CHOMU,FCPL CENTRAL WAREHOUSING GODOWN NO 1A2A2B TEHSIL CHOMU DISTRICT JAIPUR,,CHOMU,303702,TRUE
SI92,RELIANCE RETAIL LTD,"CENTRAL WAREHOUSE, EGROCERY BODHAN TG FC, JANNEPALLY X ROAD NIZAMABAD, BODHAN",,BODHAN,503185,TRUE
SI96,SMART HUB KHANDWA,"RRL, CENTRAL WAREHOUSING CORPORATION, KHANDWA, ANAND NAGAR",,KHANDWA,"4,50,00,14,50,051",TRUE
SI98,SMART HUB KOTPUTLI RRL,"GODOWN NO. 1D, 3A, 3B, 3C, CENTRAL WH KOTPUTLI CEMENT FACTOR OPP SUB DIST JAIL VILL RAMSINGHPURA, GOPALPURA ROAD JAIPUR, RAJASTHAN",,KOTPUTLI,303108,TRUE
SI99,SMART HUB SIKAR RRL,"CWC JAGMALPURA SIKAR, JHIGAR CHOTI ROAD, JAGMALPURA, POST BHADWASI, SIKAR, RAJASTHAN",,SIKAR,332024,TRUE
SIKANDRABA,SIKANDRABAD,"TWIN TECH INDIA PVT LTD. R-51, 52, 53 & 37, UPSIDC, SIKANDRABAD (UP)",,SIKANDRABAD,203205,TRUE
SILVASSA,SILVASSA,"SILVASSA SURVEY NO 331/2, PLOT NO 1 KHADI PADA MASAT D&N HAVELI, SILVASSA",,SILVASSA,396230,TRUE
SIRSA,SIRSA,THE HARYANA STATE COOPERATIVE SUPPLY AND MARKETING FEDERATION LTD. HAFED DIST SIRSA( HR),,SIRSA,125055,TRUE
SJ14,HOSAKOTE,RRL TRENDS HOSAKOTE 2 DCSY # 12&13 KATHA NO 119 OF EKKA RAJAPURA SULIBELE HOBLI HOSKOTE TALUKU BANGALORE RURAL DIST HOSAKOTE,,HOSAKOTE,562129,TRUE
SJ61,RRL SMART HUB BURDWAN,RELIANCE RETAIL LIMITED CENTRAL WAREHOUSE SADARGHAT ROAD DIST BURDWAN BURDWAN,,BURDWAN,713101,TRUE
SJ76,SMART HUB BIKANER RRL,"GODOWN NO. 1A, 1B, 1C, 2A, 2B, 2C & 3A, CENTRAL WAREHOUSE, OPP. GOVERNMENT ENGINEERING COLLEGE, KARNI INDUSTRIAL AREA PHASE- II, BIKANER",,BIKANER,334004,TRUE
SJ93,RRL CDIT FARRUKHNAGAR DC.,BLOCK I EMBASSY INDUSTRIAL PARK FARRUKHNAGAR HARYANA,,FARRUKHNAGAR,,TRUE
SK3N,RRL TS HYD GO GREEN PL DC,"RELIANCE RETAIL LIMITED SRI. B RAGHAVA REDDY GODOWNS (GO GREEN) SURVEY NO 667, H-NO 14-61/1, CHAMBER - 2 KISTAPUR VILLAGE, MEDCHAL MANDAL TELANGANA",,MEDCHAL,501401,TRUE
SK43,RELIANCE RETAIL LTD FARIDABAD,"KHATONI NO. 12/2, 19/1, 19/2, 22 VILLAGE MAWAI 66 FT ROAD FARIDABAD HARYANA.",,FARIDABAD,121002,TRUE
SK6C,BAVLA DC,WH NO 2 UNO LOGISTICS PARK VILLAGE KOCHARIYA BAVLA RAJKOT HIGHWAY,,BAVLA,382220,TRUE
SK6D,ACHYUT CORPORATION GUWAHATI,M/S ACHYUT CORPORATION AMINGAON HAJO ROAD GUWAHATI,,GUWAHATI,781031,TRUE
SK6F,"RRL CONSUMER BRAND RAJPURA, BJMS LOGISTICS PARK","BANUR TEPLA ROAD, VILLAGE KHERI GURNA TEHSIL RAJPURA, DISTRICT PATIALA",,RAJPURA,140417,TRUE
SK6I,RRL VF SURAT VESMA DC,RELIANCE RETAIL LIMITED GJ-DC-VAS-001-A BLOCK NO 533 534 NEAR MANGALAM 93 534 CANAL ROAD VESMA CHOKDI SURAT MUMBAI HIGHWAY VESMA NAVSARI SURAT GUJARAT INDIA,,SURAT,396475,TRUE
SK6W,"QWIK SUPPLY CHAIN PVT LTD,","BLOCK NO 533 534 NEAR MANGALAM 93, 534 CANAL ROAD VESMA CHOKDI SURAT, MUMBAI HIGHWAY VESMA NAVSARI",,SURAT,,TRUE
SK7F,CONSUMER BRAND HOWRAH,"DOMJUR ROAD, BEGRI . NEAR CHUNIR MATH . VILLAGE -SANKHARIDAHA HOWRAH",,HOWRAH,711411,TRUE
SK8I,RRL VF UK HARIDWAR DC,"KHASRA NO 1827 28 30, OPP PRINCE PIPE PVT LTD DENSO CHOWK BHADRABAD, HARDWAR",,HARIDWAR,,TRUE
SK8M,RRL SMART HUB PILAKHWA RRL,SMART HUB PILAKHWA RRL RELIANCE RETAIL LIMITED BLOCK D KHASRA 376 RELIANCE ROAD BHOVAPUROPP JINDAL NAGAR PILKHUWA HAPUR,,PILKHUWA,245304,TRUE
SKAD,UJJAIN,UJJAIN INDORE NWCC 754 1 MIN 6 VILL UNDASA SHREE GEETA WH SHANKARPUR MADHAVPURA,,UJJAIN,456001,TRUE
SKAR,"STAPLE HUB, ADALAJ","RELIANCE RETAIL LTD, ADALAJ, AHMEDABAD, SANDIP MAHERIYA",,ADALAJ,382421,TRUE
SKDR,RRL AJIO BUSINESS,"DC NAGPUR, KALMESHWAR",,NAGPUR,440010,TRUE
SKDU,JHAJJAR,"RELIANCE RETAIL LIMITED, JHAJJAR REWARI RO, NH 71 NEW NH 352 CHAINAGE RD 401 370, VILLAGE GHIJAROD JHAJJAR",,JHAJJAR,124103,TRUE
SKDX,RRL 20 CUBE WAREHOUSING & DISTRIBUTION LTD INDORE,CORPORATE SECTOR PLOT NO 1 JRG LOGISTIC PARK DAKACHYA AB ROAD INDORE MADHYA PRADESH,,INDORE,453771,TRUE
SKFU,DIGITAL DC BHOPAL,BHOPAL,,BHOPAL,464993,TRUE
SKFV,RRL TALUKA KHEDA,RELIANCE RETAIL LIMITED GALA NO1 SHED C RUDRAPRATA LOGISTIC PARK SY NO 114 115 116 NR COCACOL FACTORY NH8 VILLAGE KAJIPURA TALUKA KHEDA,,KHEDA,387530,TRUE
SKFY,SMART HUB SITAPURA RRL,"GODOWN NO. 5678, CENTRAL WAREHOUSE CORPORATION, PLOT NO: SP1 RIICO INDUSTRIAL AREA, JAIPUR, RAJASTHAN",,JAIPUR,302022,TRUE
SKHC,DHANBAD,"RELIANCE RETAIL LTD, NH2, GODOWN NO 3, GOVINDPUR ROAD DHANBAD",,DHANBAD,828109,TRUE
SKHR,CC JIVANNAGAR SIRSA,"SARKAR KINOOW PLANT, RIICCO INDUSTRIAL AREA, NEAR KISAN KANTA, SHRIGANGANAGAR, RAJASTHAN",,SHRIGANGANAGAR,335001,TRUE
SKML,SMART HUB MUNDKA,MUNDKA,,DELHI,110041,TRUE
SL07,"RRL, HOWRAH","RELIANCE RETAIL LIMITED, RRL HOWRAH SHADOW FAX DC, HOWRAH, WEST BENGAL",,HOWRAH,711302,TRUE
SL1L,RELIANCE RETAIL LTD TRENDS,"INDUSTRIAL PLOT, VILLAGE DADRI TOE, JHAJJAR, HARYANA",,JHAJJAR,124103,TRUE
SL1Q,PGB NORTH-UP-SIKANDRABAD,"DAMCO INDIA PVT LTD, VRY LOGISTICS PARK, SIKANDRABAD, DEHAT NEAR SIRONDHAN, MOD SIKANDRABAD, BULANDSHAR, UTTAR PRADESH",,SIKANDRABAD,203205,TRUE
SL24,STO CHHINDWARA,CHHINDWARA,,CHHINDWARA,480001,TRUE
SL3A,QSCPL VF GJ AHM BAVLA GROCERY,BAVLA,,BAVLA,,TRUE
SL43,BURHANPUR,CENTRAL WAREHOUSE GODOWN NO 1 BHADURPUR ROAD,,BURHANPUR,450331,TRUE
SL47,SMART HUB AURANGABAD RRL,"RELIANCE RETAIL LIMITED CENTRAL WAREHOUSE PLOT NO 91 MIDC AREA CHIKALTHANA, AURANGABAD",,AURANGABAD,431003,TRUE
SL4C,DISTRIBUTION CENTRE; INDOSPACE INDUSTRIAL PARK,"BUILDING NO. B-700, PLOT NO. D-223/4, CHAKAN MIDC PHASE- II, VILLAGE - BHAMBOLI, PUNE RURAL (MAHARASHTRA)",,PUNE,410501,TRUE
SL54,GWALIOR,"PLOT NO 72 & 73, GOSPURA INDUSTRIAL AREA, BEHIND CIMMCO STEEL FOUNDRY GOLE KA MANDIR BIRLA NAGAR, GWALIOR",,GWALIOR,474004,TRUE
SL55,MANDSAUR,"RUCHI WAREHOUSE VILL. AJIJKHEDI NEAR MPT HIGHWAY MHOW NEEMUCH ROAD, MANDSAUR",,MANDSAUR,458001,TRUE
SL61,JABALPUR,SMART FC JABALPUR KATANGI BY PASS ROAD JABALPUR,,JABALPUR,482002,TRUE
SL75,SMART FC NARSINGHPUR,"KRISHI UPAJ MANDI CAMPUS, CWC NARSINGHPUR, MP",,NARSINGHPUR,487001,TRUE
SL9I,RELIANCE RETAIL LTD VILLAGE,RELIANCE RETAIL LIMITED VILLAGE DUGRI HADBAST 220 TEHSIL PAYAL NEAR TIBBE WALA PULL,,LUDHIANA,143526,TRUE
SL9T,RRL SULTANPUR TRENDS DC,"INDUSTRIAL PLOT N1 STREET NIMANA SECTOR 5 TEHSIL BADLI, DISTT. JHAJJAR HARYANA",,JHAJJAR,124103,TRUE
SLA8,RRL-TRENDS DC-NAGPUR,"MAYUR LOGISTICS PARK KALMESHWAR ROAD, NIMJI MAUZA- NIMJI, NAGPUR",,NAGPUR,441501,TRUE
SLAD,SMART HUB AMRAVATI RRL,CENTRAL WAREHOUSING CORPORATION WARD NO 21 AMRAVATI,,AMRAVATI,444601,TRUE
SLAH,SMART HUB JODHPUR RRL,"CENTRAL WAREHOUSE, KHASRA NO 51/4 51/5 SALAWAS JODHPUR RD, TANAWARA, JODHPUR",,JODHPUR,342013,TRUE
SLAJ,"RRL, NANDED","RELIANCE RETAIL LIMITED CENTRAL WARE HOUSE CORPORATION BLOCK 178, BHAYGAON ROAD TUPPA NANDED",,NANDED,431603,TRUE
SLBO,RUCHI INFRASTRUCTURE LTD,"KHASRA NO 75 TO 79 AND 161168& 173, VILLAGE SARISTAL, SATNA PANNA ROAD SATNA (M.P.)",,SATNA,485441,TRUE
SLC2,SMART HUB DHAR,VILLAGE UTAWAD,,PITHAMPUR,454001,TRUE
SLCS,RRL MH NAGPUR SWC PL DC,"RELIANCE RETAIL LIMITED, SARDA WAREHOUSING PLOT NO 4 KH, NO 18/4/A P.H NO 24 TH.KAMPTEE, DIST-NAGPUR MAHARASHTRA, NAGPUR",,NAGPUR,441001,TRUE
SLDN,SMART HUB SATARA RRL,"RELIANCE RETAIL LTD, MSWC PLOT NO -4 SATARA NEW MIDC, SATARA, MAHARASHTRA",,SATARA,415004,TRUE
SLE9,BADLI,BUILDING NO B 1100 INDOSPACE INDUSTRIAL PARK PVT LTD BADLI VLG PAHASOUR FAIZABAD,,BADLI,124105,TRUE
SLEB,RRL MH NAGPUR OCLP6 GROCERY DC,RELIANCE RETAIL LIMITED C/O UNIT NO-6 OCLP KHASARA NO 17 PATWARI HALKA-72 MOUZA SHIVMADKA MOUZA KOTEWADA TAHSIL-HINGNA NAGPUR,,NAGPUR,441122,TRUE
SLEG,JAMNAGAR STO NO,SMART HUB JAMNAGAR RRL RELIANCE RETAIL LIMITED RELIANCE DC PLOT NO 1 TO10 &18TO46 SURVEY NO 176/1 NEAR RAILWAY CROSSING MOTI KHAVDI JAMNAGAR,,JAMNAGAR,361140,TRUE
SLEI,"SMART HUB KOTA, RRL","CWC WAREHOUSE, ROAD NO. 1, INDRAPRASTH IND. AREA, NEAR DAKANIA RAILWAY STATION, KOTA",,KOTA,324005,TRUE
SLEW,"RELIANCE RETAIL LTD, RAIPUR",KHASRA NO 681/1 684/1 684/2 684/3 684/4 684/5 684/6 684/7 & 687/2 PH NO 23 NEAR FLYOVER RING ROAD NO 3 VLG TEKARI RAIPUR,,RAIPUR,493111,TRUE
SLGC,RRL CDIT PUNE INTERIM DC,"RELIANCE RETAIL LIMITED, MH-DC-PUN-019, SANGHAR WAREHOUSING SURVEY NO 27, SITUATED AT VILLAGE LONIKAND, TAL HAVELI DIST, PUNE",,PUNE,412216,TRUE
SLHA,SMART HUB JHANSI FCPL,SMART HUB JHANSI FCPL,,JHANSI,284001,TRUE
SLHD,NANDURBAR,NANDURBAR,,NANDURBAR,425412,TRUE
SLJ1,KOLHAPUR,"GATE NO323, 324 AMBAP CROSSING WATHAR TURF VADGAON PUNE BANGLORE HIGHWAY",,KOLHAPUR,416012,TRUE
SLJ2,RRL RAJPURA,"PRAGATI WAREHOUSE LLP BANUR SHAMBHU ROAD VILL- RAJGARH, DIST. RAJPURA PATIALA, PUNJAB",,RAJPURA,140401,TRUE
SLJR,STO MIRAJ,"RELIANCE RETAIL LTD. CWC MIRAJ P-8, BLOCK-C CENTRAL WAREHOUSING CORPORATION, MIRAJ. MAHARASHTRA",,MIRAJ,416410,TRUE
SLLL,HINGANGHAT,"SURVEY NO 119 54/1 GODOWN NO 4 & 5 BORGAON, NANDGAON, TAH, HINGANGHAT, HINGANGHAT, MAHARASHTRA",,HINGANGHAT,442301,TRUE
SLLM,RRL DIGITAL CDIT SILIGURI DC,MOUZA BINNAGURI PO BHAKTINAGAR NEAR CANNEL ROAD SAHUDANGI,,SILIGURI,735135,TRUE
SLLR,SAHARANPUR,"CWC, SAHARANPUR",,SAHARANPUR,247001,TRUE
SLLT,RELIANCE RETAIL LTD PATNA,RAM KRIPAL SINGH CAMPUS BASTHAR SABALPUR PATNA-800009,,PATNA,800009,TRUE
SLM2,QWIK SUPPLY CHAIN PVT LTD,"QWIK SUPPLY CHAIN PVT LTD. GATI REALTORS P L, S NO 471TO476, MOUZA KHUMARI PSK12, KHASRANO41-43, MOUZA KOKARDA KHUMARI, KAMLESHWAR NAGPUR, MAHARASHTRA(27)",,NAGPUR,441502,TRUE
SLM3,INDORE HUB,"DISTRIBUTION CENTRE SHRI VINAYAK LOGISTICS SY NO 135/1136/1141/1/1 & 142/1/2 AB RD VILLAGE BARODA ARJUN TEHSIL SANWER INDORE, MADHYA PRADESH",,INDORE,453771,TRUE
SLM4,UNITY LOGISTICS PARK,UNITY LOGISTICS PARK NEAR KATANGI BYPASS JABALPUR MP,,JABALPUR,482002,TRUE
SLNC,SMART HUB JALNA RRL,"RELIANCE RETAIL LIMITED BAGDIYA WAREHOUSE GATE NO -14, VILLAGE-DEVMURTI TALUKA & DISTRICT - JALNA",,JALNA,431203,TRUE
SLOR,RRL DEHRADUN KUAWALA DIGITAL DC,KHASARA235 KHASARA NO 235 CH OPP TITAN I RELIANCE RETAIL LTD CO KANDARP TRADELINK KAUAWALA HARIDWAR ROAD DEHRADUN DEHRADUN UTTARANCHAL,,DEHRADUN,248001,TRUE
SLPB,SMART HUB NEEMUCH,"RRL SURVEY NO. 711, 712, 713/1/2/3 & 37, 38 VILL SEMLI CHOUDHRY & JAMUNIYAKALAN MHOW-NEEMUCH ROAD DIST NEEMUCH",,NEEMUCH,458441,TRUE
SLPR,RRL VF HR KUMASPUR CPC,HR KUMASPUR CPC,,SONIPAT,,TRUE
SLQW,DHULE,"PLOT F-1, RELIANCE RETAIL & PROPERTY LIMITED, PLOT NO F-1, MIDC ADDITIONAL INDUSTRIAL AREA, AVDHAN, DHULE, MAHARASHTRA",,DHULE,424006,TRUE
SLR2,RELIANCE BRANDS LTD - MOTHERCARE,"SWARA BABY PRODUCTS PVT LTD, PLOT NO 598 599 SECTOR 3, INDUSTRIAL AREA PITHAMPUR, DHAR",,PITHAMPUR,454775,TRUE
SLSO,"AKOLA , MAHARASHTRA","WH BEARING NO 1A1B 2A 2B 3C, SURVEY NO 59 1B, GRAMPANCHAYAT, HOUSE NO. 706, MOUZA RIDHORA, TEHSIL BALAPUR, AKOLA, MAHARASHTRA",,AKOLA,444302,TRUE
SLTM,RRL VF JPR CHOMU PL DC,RELIANCE RETAIL LIMITED SHREE SHYAM LOGISTICSSURVEY NO 685/2 690/2 690/2 686/1 688/1 VILLAGE HATHNODA TEHSIL CHOMU DIST JAIPUR JAIPUR,,CHOMU,303702,TRUE
SLTO,RRL DC BUILDING NO B 1000 INDOSPACE,"""INDUSTRIAL, JHAJJAR BADLI ROADPAHASOUR"" FAIZABAD PO BADLI BADLI JHAJJAR",,JHAJJAR,124105,TRUE
SLTY,RRL-DIGITAL AHMEDABAD DC,"RRL CDIT DIGITAL BAVLA AHMDC, RELIANCE RETAIL LIMITED, BUILDING NO B100 ARMAN LOGISTICS PARK, SITUTAED AT INDOSPACE INDUSTRIAL AND LOG, VILLAGE BHAYALA TALUKA BAVLA AHMEDABAD AHMEDABAD",,AHMEDABAD,382240,TRUE
SLUI,RRL VF KHARGONE PL DC,"RELIANCE RETAIL LIMITED, MEWARA AGRO SERVICES KHASRA NO 208/3/2, VILLAGE KHALBUJURG TEHSIL, KHASRAWAD DIST KHARGONE, KHARGONE",,KHARGONE,451660,TRUE
SLW5,"RRL, KULANA PATAUDA","RELIANCE RETAIL LIMITED, RRL VF HR KULANA PL DC, VILLAGE KULANA PATAUDA",,JHAJJAR,124108,TRUE
SLX2,SMART HUB SAGAR,"MADHYA PRADESH-RRL SY NO 21, 22, 23 SAGAR",,SAGAR,470002,TRUE
SLX9,TO RRL MP ASHTA JLCH WH PL DC,"JEETMAL LAXMI CHAND WH KHASRA NO 128, BHOPAL ROAD INDORE BHOPAL HIGHWAY, JATAKHEDA JOD DIST SEHORE",,SEHORE,466116,TRUE
SLXP,PL - AHMEDNAGAR,SAIDEEP FOAMS PVT LTD PLOT NO A11/2 NAGPUR MIDC AHMADNAGAR MAHARASHTRA,,AHMEDNAGAR,,TRUE
SM1B,RRL-CDIT-JAMMU-INTERIM,PHASE 2 SIDCO INDUSTRIAL COMPLEX BARI BARAHMANA,,JAMMU,180010,TRUE
SMPR,"532, NR. MAAN LAKE, VILLAGE","ODE, NR. SP RING ROAD, AHMEDABAD",,AHMEDABAD,382423,TRUE
SN9J,RELIANCE RETAIL LTD MUNDKA,"PLOT NO. 62/4/1, 62/3 NETAJI SUBHASH VIHAR, TIKRI KALA, ROTHAK ROAD, MUNDKA, NARELA ZONE, NEW DELHI",,DELHI,110041,TRUE
SN9O,RRL VF WB HWH ISLAMPUR PCS,RELIANCE RETAIL LIMITED AAPB PROPERTIES LLP AMTA IND PARK 2 MOUZA & VILLAGE ISLAMPUR PO ISLAMPUR P S JAGATBALLAVPUR JL NO 76 HOWRAH HOWRAH,,HOWRAH,711401,TRUE
SQ1N,RRL VF UP PAKHANA PL DC,SUSHIL KUMAR GODOWNGD NO 04 KHEWAT NO 323 KHATAUNI NO 380 VILLAGE PAKHANA TEHSIL NILOKHER,,NILOKHERI,132116,TRUE
SR1T,RRL VF GJ AMD PIRANA PL DC,"RELIANCE RETAIL LIMITED RRL-GJ-PIRANA-GOGREE SHIV PRERANA INDUSTRIALPLOT NO 32 ESTATE PIRANA ROAD, AHMEDABAD",,AHMEDABAD,382425,TRUE
SRN,SCHMITEAM RAJHANS NUTRITIONS PVT LTD,SURAT,,SURAT,,TRUE
ST4S,RELIANCE CONSUMER PRODUCTS LTD VILLAGE KULANA,"PATAUDA, HR",,JHAJJAR,124108,TRUE
STEELCO,FOOTCARE,"C-32 SITE C UPSIDC INDUSTRIAL AREA, SIKANDRA, AGRA",,AGRA,282007,TRUE
STVD,"R.S.NO 248,262/2, 263, BLOCK NO 237","SURAT, GUJARAT 395010",,SURAT,395010,TRUE
STVT,NTEX TRANSPORTATION SERVICE PVT LTD,"SURAT, GUJARAT 394107",,SURAT,394107,TRUE
SU90,RRL JAIPUR,JAIPUR,,JAIPUR,302001,TRUE
SURAT,"TRIBHUVAN POLYMERS, SURAT","RELIANCE RETAIL BLOCK NO. 61, B/H TRIBHUVAN POLYMERS, NEAR PALSANA CHOWKDI, JUNA MAKHINGA SURAT",,SURAT,394315,TRUE
SURAT1,BALAJI AGRO PRODUCT PVT LTD,52AT PO-TENTA-BARDOLISURAT-394601,,SURAT,394601,TRUE
SUTT,"BUILDING NO. B400, INDOSPACE","BUILDING NO. B400, INDOSPACE PHASE 2, KUNNAVAKKAM, WALAJABAD BLOCK, KANCHIPURAM CHENNAI",,CHENNAI,631604,TRUE
SV9W,JAI BHAGWAN COMPLEX,"JAI BHAGWAN COMPLEX, WAREHOUSE NO.D-1, PREMISES 456, VAHULI VILLAGE BHIWANDI DIST THANE-",,BHIWANDI,421302,TRUE
SXKK,"CDIT DC, CARRYFAST LOGISTICS PVT LTD, RAIPUR","RELIANCE RETAIL LIMITED V S LOGISTICS PARK, NEAR RING ROAD NO.3, VILLAGE-TULSI, BARADERA AREA, RAIPUR, CHHATTISGARH",,RAIPUR,492101,TRUE
SZAA,RRL VF GJ AMD MOJE GIRAMTHA,"PL DC RELIANCE RETAIL LIMITED, BLOCK/SURVEY NO 215/1, OLD NO 229, PRERANA NANDAN INDUSTRIAL PARK, MOJE, GIRAMTHA TA DASCROI, AHMEDABAD",,AHMEDABAD,382425,TRUE
SZBE,RRL VF RJ JP GEETA PL DC,"GEETA COLD STORE B112 A, ROAD NO 9 VKI JAIPUR",,JAIPUR,302013,TRUE
SZBL,QWIK SUPPLY CHAIN PVT LTD,"SZBL PORTICO DC JHAJJAR, QWIK SUPPLY CHAIN PRIVATE LTD, REWARI ROAD NH 71 NEW NH 352 CHAINAGE RD 401 370, VILLAGE GHIJAROD, RAIPUR, JHAJJAR",,JHAJJAR,124103,TRUE
T0EM,EGROCERY FC VADODARA,VADODARA,,VADODARA,,TRUE
T0RJ,METRO PIPLIYA KUMHAR INDORE,"NEAR NIRANJANPUR CIRCLE, DEWAS NAKA VILLAGE PIPLIYA KUMHAR, INDORE, MADHYA PRADESH",,INDORE,452010,TRUE
T19P,SMT GJ AHM ODHAV,ODHAV AHMEDABAD,,AHMEDABAD,,TRUE
T2E4,METRO CASH & CARRY INDIA PVT LTD (RELIANCE RETAIL,"KHEWAT NO. 3, KHATAUNI NO 6, VILL BIR BAHADURGARH",,PATIALA,147021,TRUE
T2FQ,RRL YOUSTA RIL MALL JAMNAGAR,"F-23, FIRST FLOOR SURVEY NO.31, MOTI KHAVDI JAMNAGAR",,JAMNAGAR,361142,TRUE
T2IU,BHOPAL,"ASHIMA MALL, NARMADAPURAM RD, DANISH NAGAR, BAWARIA KALAN, BHOPAL, MADHYA PRADESH",,BHOPAL,462026,TRUE
T2KH,STORE JAIPUR SITAPURA,"GODWON 5, 6, 7, 8, PLOT NO SP1, CWC RIICO IND AREA, SITAPURA II",,JAIPUR,302022,TRUE
T2NX,STORE AHMEDABAD SHAHLAM,"METRO SHAHALAM, CENTRAL WAREHOUSE AHMEDABAD",,AHMEDABAD,380028,TRUE
T2OS,M/S SHRI VINAYAK INDUSTRIES,"INFRONT OF RIICO INDUSTRIAL AREA, GRAM GOHANA BEAWAR, RAJASTHAN",,BEAWAR,305901,TRUE
T2OW,STORE KOTA,"GODOWN 1A, 1B, 1C CENTRAL WAREHOUSE, NR DAKNIA RAILWAY STATION KOTA II, KOTA, LADPURA(RAJASTHAN)",,KOTA,324005,TRUE
T2OX,SMART HUB UDAIPUR RRL,"CENTRAL WAREHOUSE, GODOWN NO 1A 1B &3, OPP FCI DEPOT UDAIPUR DEPOT",,UDAIPUR,313001,TRUE
T2PF,RELIANCE RETAIL LTD STORE AHMEDABAD RAJODA,"GALLOPS INDUSTRIAL PARK, OPP. MELDI MATA MANDIR, RAJODA, BAVLA",,BAVLA,382220,TRUE
T2QC,CWC,"CWC GODAWOON WARD NO.21, RAMPURI CAMP, VILAS NAGAR ROAD, AMRAVATI",,AMRAVATI,444604,TRUE
T2QD,AURANGABAD METRO CASH & CARRY INDIA PVT LTD (RELIA,"PLOT NO 91, CHIKHALTHANA MIDC AURANGABAD",,AURANGABAD,431210,TRUE
T2QI,STORE NANDURBAR,"RAMDEVJI WAREHOUSE PALASHI, GHULI GAON, NANDURBAR",,NANDURBAR,425412,TRUE
T2RB,BAREILLY METRO CASH & CARRY INDIA PVT LTD (RELIANC,"FARIDPUR- BUKHARA ROAD, NEAR ITBP CAMP BAREILLY-",,BAREILY,243001,TRUE
T2SQ,STORE AJMER,"METRO CASH & CARY C1, PANCHSHEEL SCHEME, MAKARWALI ROAD, AJMER",,AJMER,,TRUE
T2TD,STORE NAGPUR,"PSK12 GRAM PNCHYT KHUMARI TAL KAMLESHWAR, KALAMESHWAR(MAHARASHTRA)-441502",,KALAMESHWAR,441502,TRUE
T2XD,RJ.BHILWARA,"PLOT NO- B-1, HAMIRGARH ROAD, BHILWARA",,BHILWARA,311001,TRUE
T3DM,METRO CASH & CARRY STORE SONIPAT,CITY MALL TARANA ROAD NEAR BUS STAND SONIPAT HARYANA,,SONIPAT,131001,TRUE
T3DR,METRO CASH & CARRY INDIA PVT.LTD,"PLOT NO.1/1 SSGT ROAD, GHAZIABAD -201009 UTTAR PRADESH",,GHAZIABAD,201009,TRUE
T3FK,SWADESH STORE JAMNAGAR,"RELIANCE RETAIL LIMITED NEAR ESIC OFFICE RELIANCE GREENS ""MOTI KHAVDI, JAMNAGAR",,JAMNAGAR,361140,TRUE
T5GI,OPP RELIANCE GUJARATI MEDIUM SCHOOL,"SECTOR 1 PO PETROCHEMICALS TOWNSHIP, REFINERY ROAD VILLAGE UNDHERA VADODARA GUJARAT",,VADODARA,391345,TRUE
T5GJ,"RELIANCE RETAIL, OPPOSITE COMMANDO",COMPLEX. BAHADARGARH PATIALA.,,PATIALA,147021,TRUE
T5JG,STORE LUDHIANA DUGRI,"KHEWAT KHATONI NO. 88/91, VILLAGE DUGRI, HADBAST NO. 220, TEHSIL PAYAL, DISTRICT, LUDHIANA",,LUDHIANA,141002,TRUE
T5JK,CENTRAL WAREHOUSE,"KAPADRA NEAR GEB OFFICE, VARANCHHA ROAD CWC SURAT II, SURAT CITY GUJARAT",,SURAT,395006,TRUE
T5LA,RRL KOTA,GODOWN 1A 1B 1C CENTRAL WAREHOUSE INDRAPRASTHA MD AREA NR. DAKNIA RAILWAY STATION KOTA,,KOTA,324005,TRUE
T5MD,STORE AKOLA BALAPUR,"WH NO 1A 1B 2A 2B 3C ON G AND MIDDLE FL, MOUZA RIDHORA TEHSIL BALASPUR, SURVEY 59 1B GRAM PANCHYT HOUSE NO 706, BALAPUR, AKOLA, MAHARASHTRA, 444302",,AKOLA,444302,TRUE
T5ML,STORE SAHARANPUR,"3 A B D CENTRAL WAREHOUSE JANTA ROAD, SAHARANPUR UTTAR PRADESH",,SAHARANPUR,247001,TRUE
T5NE,"STORE NAGPUR,RELIANCE RETAIL LTD","SURVEY NO 41 42 1 42 2AND43 VILL KAKROD, S NO 471 1 472 473 474 474 476 MOHPA, PSK12 GRAM PNCHYT KHUMARI TAL KAMLESHWAR NAGPUR- MAHARASHTRA",,NAGPUR,441502,TRUE
T5OB,JODHPUR BASNI,"PLOT NO B8 C9 AND 10 A, INDUSTRIAL AREA PHASE 1, BASNI, JODHPUR RAJASTHAN",,JODHPUR,342005,TRUE
T5OO,RELIANCE RETAIL LTD KHASRA NO- 1234/3/1,NEAR BAPU ASHARAM RAJOKARI VILLAGENEW DELHI-110038,,DELHI,110038,TRUE
T88Q,NAUPADA,"BLDG NR MAA DAKHINA KALI TEMPLE PLOT 1254 KHATA NO 678/85 STITIBANBODEN CHOWK KHARIAR UNIT 1 NAUPADA, KHARIAR",,THANE,766107,TRUE
T8WP,"RRL CENTRO-PUNE-MSM PARANJAPE,RELIANCE RETAIL LIMI","CENTRO MSM PARANJAPE MALL, CTS NO 25/20 PLOT 25-C OFF KARVE ROAD, NEAR MES COLLAGE PUNE PUNE",,PUNE,411004,TRUE
TAL8,"RRL RAIPUR VF DC VS,","RRL RAIPUR VF DC VS, RRL VF DC KHASRA NO 684/1 TO 684/7, NEAR FLYOVER RING RD N3 RAIPUR, RAIPUR(CHHATTISGARH)-493111",,RAIPUR,493111,TRUE
TB32,RRL PUNE WAGHOLI CPC,RELIANCE RETAIL LIMITED GATE NO.511 KATKEWADI VILLAGE-WAGHOLI TALUKA - HAVELI PUNE,,PUNE,412207,TRUE
TB35,"RRL BAMNOLI, DELHI",NA,,DELHI,110033,TRUE
TBGR,"CENTRO MALL, PANCHAVATI RD","BESIDE KAIVANNA COMPLEX, PANCHAVATI SOCIETY, AMBAWADI, AHMEDABAD, GUJARAT",,AHMEDABAD,380006,TRUE
TIBI,STORE HANUMANGARH,7 HMH TIBBI ROAD HANUMANGARH TOWN,,HANUMANGARH,,TRUE
TMW9,"CDIT DC, 20 CUBE",AHMEDABAD,,AHMEDABAD,380001,TRUE
TNA8,SMART SHAHIBAUGH,NAMSTE CIRCLE,,AHMEDABAD,380001,TRUE
TNB1,STORE AMRITSAR,"AJNALA ROAD, MIRAKOT E-GROCERY FC AJNALA ROAD",,AMRITSAR,143001,TRUE
TNB6,SMART SUZUKI COLONY,BHILWARA,,BHILWARA,311001,TRUE
TNJ5,RRL SMART SAKINAKA HUB SPACE,SAKINAKA,,MUMBAI,400072,TRUE
TUMKUR,DJ BROTHERS,"INDIA FOOD PARK, PLOT NO.33. VASANTHANARSAPURA, KIADB INDUSTRIAL AREA PHASE LLL, KORA HOBLI, TUMKUR TALUK, TUMKUR DISTRICT",,TUMKUR,572138,TRUE
TXIX,RRL,NOIDA GAUTHAM BUDDHA NAGAR UTTAR PRADESH,,NOIDA,201301,TRUE
TZ7K,RELIANCE RETAIL LTD SUVAS SCALA OPP,"AHMEDABAD (NIKOL STORE) SHANTINIKETAN SOLITAIRE, NIKOL AHMEDABAD",,AHMEDABAD,382350,TRUE
UAM1,AMAZON SELLER SHAMLA,"ANGAN BANQUET HALL, GROUND FLOOR, ONYX ROOM, NANDANVAN -4 AHMEDABAD, GUJARAT 380015",,AHMEDABAD,380015,TRUE
UAMB,AMAZON SELLER SHYAMAL,"GROUND FLOOR, ONYX ROOM, NANDANVAN-4, NEAR PRERNATIRTH DERASAR AHMEDABAD, GUJARAT 380015",,AHMEDABAD,380015,TRUE
UDRI,AMAZON SELLER UDAIPUR,"PLOT NO. A-11, MEWAR INDUSTRIAL AREA, MADRI, UDAIPUR, RAJASTHAN 313001",,UDAIPUR,313001,TRUE
UJJAIN,MANGALMURTHI,MANGALMURTHI WAREHOUSE VILLAGE UNDASA TARANA ROAD UJJAIN,,UJJAIN,456006,TRUE
V012,RRL DIGITAL KURKUMBH,"NDC-2, D1 KURKUMBH MIDC INDUSTRIAL PUNE SOLAPUR HIGHWAY, KURKUMBH",,KURKUMBH,413802,TRUE
V027,A.R. ENTERPRISESE,"74, SITE-C UPSIDC INDUSTRIAL AREA SIKANDRA AGRA UTTAR PRADESH",,AGRA,282007,TRUE
V050,RRL TRENDS SULTANPUR NDC,RRL TRENDS SULTANPUR NDC,,GURGAON,,TRUE
V1JU,RRL SUPER RP BAGH,RRL SUPER RP BAGH - VS NEW DELHI,,DELHI,110033,TRUE
V1KF,RRL GROCERY KHEDA DC,VS SUMAR LOGISTICS AND INDUST PARK NH 8 VILLAGE HARIYALA TAL DIST KHEDA KHEDA(GUJARAT)-387411,,KHEDA,,TRUE
V1PX,RRL AHMEDABAD DISTRIBUTION CE VS GIDC,"NARODA, NARODA INDUSTRIAL ESTATE, AHMEDABA(GUJARAT)",,AHMEDABAD,382330,TRUE
VAAF,ASF - SINDHUBHAVAN,"ROAD, OXYGEN PARK, SINDHU BHAVAN MARG, BESIDE MONTE CARLO, PRL COLONY, THALTEJ, AHMEDABAD, GUJARAT",,AHMEDABAD,380058,TRUE
VAAH,VAAH- AMAZON SELLER-AIRPORT,"SARDAR VALLABHBHAI PATEL INTERNATIONAL AIRPORT AHMEDABAD, GUJARAT SARDAR VALLABHBHAI PATEL INTERNATIONAL AIRPORT AHMEDABAD, GUJARAT 380003",,AHMEDABAD,380003,TRUE
VADODARA,CHEMCO PLASTIC INDUSTRIES PVT LTD,"PLOT NO 32/33 SURVEY NO 188/P, 189/P CHEMCO PLASTIC IND SAVLI INDUSTRIE ALINDRA, MANJUSAR VADODARA GUJARAT",,VADODARA,391775,TRUE
VASHI MKT,"RRL, TURBHE, VASHI","APMC. FRUITS MARKET, SECTOR-19, TURBHE, VASHI",,NAVI MUMBAI,400705,TRUE
VGAN,SHREENATHJI COMMERCIAL HUB,"SHED NO- C-87, 88, 129, 130, AHMEDABAD, GUJARAT",,AHMEDABAD,382415,TRUE
VIDEOTEX,VIDEOTEX INTERNATIONAL PVT LTD,"347-C, UDYOG KENDRA-II, ECOTECH-III, G.NOIDA, U.P",,NOIDA,201306,TRUE
VIJAY LUDH,VIJAY VALLABH HOSIERY FACTORY,B-XXIV-3442/2H GALI NO-6 MAHAVIR JAIN COLONY SUNDER NAGAR LUDHIANA PUNJAB,,LUDHIANA,141007,TRUE
VLAD,AMAZON SELLER VLAD,"VLAD, PLOT NO. 1, 2, 3, NANDANBAG SOCIETY, AHMEDABAD, GUJARAT 380058",,AHMEDABAD,380058,TRUE
VLCK,RELIANCE RETAIL LTD HARIDWAR FC,"RELIANCE RETAIL LIMITED HARIDWAR FC KHASRA NO. 1828 - 1830 NEAR PRINCE PIPE GATE -4, DENSO CHOWK, BAHADRABAD SALEMPUR MEHDOOD IP-II HARIDWAR, UTTARAKHAND",,HARIDWAR,249402,TRUE
VS40,RRL GROCERY KHEDA DC-VS,"COCA-COLA FACTORY BETDILAT, VILL HARIYALA TAL DIST KHEDA NADIAD, GUJARAT",,KHEDA,387411,TRUE
VV9A,RRL VF MP KHAMKHEDA GROCERY DC,"RRL VLG KHAMKHEDA GOHARGANJ RAISEN, HUZUR(MADHYA PRADESH)",,HUZUR,462046,TRUE
VX9C,AMBALA,"RELIANCE RETAIL 616/794, VILLAGE MOHRA, HADBAST NO. 188 AMBALA",,AMBALA,133004,TRUE
WALUJ,RRL AURANGABAD,RELIANCE RETAIL LIMITED GUT NO 49 OPP GARWARE HYTECH FILLING AT NAIGAON POST WALUJ TAL GAANGAPUR DIST AURANGABAD PUNE NAGAR HIGHWAY,,AURANGABAD,431133,TRUE
XBLA,AMAZON SELLER KALUPUR,"KALUPUR RAILWAY STATION RD, SAKAR BAZZAR, AHMEDABAD, GUJARAT 380002",,AHMEDABAD,380002,TRUE
XBLV,VADODARA RAILWAY PARCEL BOOKING OFFIC,"VADODARA, GUJARAT 390020",,VADODARA,390020,TRUE
XBSA,SANAND-RAILWAY STATION,"FCCIL RAILWAY STATION, AHMEDABAD, GUJARAT 382115",,SANAND,382115,TRUE
Y126,"RELIANCE RETAIL LTD, RFL PANVEL","DRY WAREHOUSE C/O. SAASTHA WAREHOUSING LIMITED AT BHINGAR POST : AJIWALI, TAL. PANVEL, MAHARASHTRA",,PANVEL,410206,TRUE
Y267,HC COLD STORE (ESKIMO),"NEAR ULTRATECH CEMENT, OPP INGERSOIL RAND, GIDC NARODA",,AHMEDABAD,382330,TRUE
Y344,LOGISTICS PARK (INDIA) PVT. LTD,LOGISTICS PARK (INDIA) PVT. LTD VILLAGE - NIMJI DIST - NAGPUR TALUKA - KALMESHWAR,,NAGPUR,441501,TRUE
Y363,DIGITAL AHMEDABAD DC,RELIANCE RETAIL LTD. VIMAL COMPOUND GATE NO.5 103/106 NARODA GIDC,,AHMEDABAD,,TRUE
Y456,M/S JOLLY ICE AND COLD STORAGE DELHI,RRL COLD STORAGE C/O M/S JOLLY ICE & COLD STORAGE,,DELHI,110035,TRUE
Y481,PCS RAI,"PLOT NO 401, PHASE V, FOOD PARK, HSIIDC INDUSTRIAL ESTATE RAI, OPP YAKULT MILK DAIRY",,SONIPAT,131029,TRUE
Y710,GM DC,"GATE NO 5, GIDC NARODA",,AHMEDABAD,382330,TRUE
Y-710,CPC NARODA,"RELIANCE RETAIL LTD, GATE NO 5, GIDC NARODA, AHMEDABAD",,AHMEDABAD,382330,TRUE
Y715,DC JAIPUR,VISHWAKARMA INDUSTRIAL AREA,,JAIPUR,,TRUE
Y726,DC PATAUDI,"TAJNAGAR ROAD, JAMALPUR CHOWK",,GURUGRAM,123502,TRUE
Y734,DC,"19/8 MILESTONE, SAAD WAREHOUSE, VILLAGE CHHAN",,BHOPAL,462047,TRUE
Y808,PCS NARODA,"GATE NO 5, GIDC, NARODA",,AHMEDABAD,382330,TRUE
YAVATMAL,YAVATMAL,"PT NO C 162 C-ZONE YAVATMAL, MIDC MOUZA LOHARA",,YAVATMAL,445001,TRUE
YPA2,RRL HYDERABAD,"RELIANCE RETAIL LTD PUDUR VILLAGE, R.R DIST, MEDCHAL MANDAL, HYDERABAD, TELANGANA",,HYDERABAD,501401,TRUE
ZOBELE,ZOBELE INDIA,"PANCHAL UDYOG NAGAR VILLAGE BHIMPORE NANI DAMAN DAMAN & DIU, INDIA",,DAMAN & DIU (UT),396210,TRUE
ZYD0,ZYD0 RELIANCE RETAIL LTD,8 PLOT NO TC 58 59V ELDECO CORPORATE CHAMBER 2 HASE VIBHUTI KHAND GOMTI NAGAR LUCKNOW,,LUCKNOW,226010,TRUE
ZYD1,RRL HARIDWAR,KHATA NO 443KA/446/452/447 GHA NIRANJANPUR NIRANJANPUR GMS ROAD DEHRADUN,,HARIDWAR,248001,TRUE
ZYD6,BN AGRITECH LTD,"SURVEY NO 406/1, 406/2, 407, BHIMASAR, ANJAR KACHCHH, GUJARAT",,KACHCHH,370240,TRUE
ZYE2,SHIVANI DETERGENTS PVT. LTD,"UNIT-II, SECTOR-2, PITHAMPUR DIST. DHAR. MP",,INDORE,454775,TRUE
ZYE3,"JAIN FARM FRESH FOODS LTD,",GAT NO. 139/2 JAIN FOOD PARK JAIN VALLEY SHIRSOLI ROAD JALGAON MAHARASHTRA -,,JALGAON,425001,TRUE
