Address Code,Address Title,Address Line 1,Address Line 2,City/Town,Postal Code,Country,GST Category,Origin Address,State
2803,RELIANCE RETAIL LTD UDAIPUR,"(2803), PLOT NO. 176A TAK COMPLEX FATEHPURA SCHEME FATEHPURA MAIN ROAD, UDAIPUR RAJASTHAN",313001,UDAIPUR,,India,Unregistered,TRUE,Gujarat
6205,CROWN INTERIORZ MALL,"CROWN INTERIORZ MALL 12/7, SECTOR-35, 21KM STONE, NH-2, NEAR SARAI KHWAJA, DELHI MATHURA ROAD, FARIDABAD, HARYANA, PIN NO - 121003",121003,FARIDABAD,,India,Unregistered,TRUE,Gujarat
8909,RRL CDIT ORION BUSINESS PARK,RELIANCE RETAIL LIMITED GROUND FLOR NEXT TO CINEWOUNDER MALL GB ROAD THANE GB ROAD THANE,400607,MUMBAI,,India,Unregistered,TRUE,Gujarat
9380,PL DMK AGRO COLD STORE RABALE,NAVI MUMBAI,400001,NAVI MUMBAI,,India,Unregistered,TRUE,Gujarat
382220,RAMDEV FOOD PRODUCTS PVT LTD,"RAMDEV SPICE WORLD, CHANGODER",322220,BAVLA,,India,Unregistered,TRUE,Gujarat
600124,HERBAL CONCEPTS,"PLOT NO. 2, SECTOR 1A, INTEGRATED INDUSTRIAL ESTATE, SIDCUL, 249403",249403,HARIDWAR,,India,Unregistered,TRUE,Gujarat
834010,NAMKUM INDUSTRIAL AREA,"AT: 10-P, NAMKUM INDUSTRIAL AREA, OPP. AAJ PRESS, RANCHI - 834010",834010,RANCHI,,India,Unregistered,TRUE,Gujarat
847234,M/S PANDOUL FLOUR MILLS PVT LTD.,"AT- PLOTE NO.-123, 125 & 127 PANDOUL INDUSTRIAL AREAPO/PS Â€“ PANDOUL, MADHUBANI SADAR, MADHUBANI, BIHAR - 847234",847234,MADHUBANI,,India,Unregistered,TRUE,Gujarat
10037115,JEETMAL LAKHMICHAND,KRISHI UPAJ MANDI,466116,ASHTA,,India,Unregistered,TRUE,Gujarat
10070498,ASIAN LAKTO INDUSTRIES LTD,"VPO JANDIALI, NEAR KOHARA, CHANDIGHAD ROAD, LUDHIANA",141001,LUDHIANA,,India,Unregistered,TRUE,Gujarat
10129676,BIKANERVALA FOODS PVT LTD,"BIKANERVALA FOODS PRIVATE LIMITED M MURAD GARHI, YAMUNA EXPRESSWAY INDUSTRIAL DEVELOPMENT AREA NOIDA UP UTTAR PRADESH",203209,NOIDA,,India,Unregistered,TRUE,Gujarat
10135484,V.L.S. FOODS PVT LTD,"V.L.S. FOODS PVT LTD, H-1-1550 PH-I RICO INDL. AREA, BHIWADI DISTT. ALWAR, RAJASTHAN",301019,BHIWADI,,India,Unregistered,TRUE,Gujarat
10156959,ASHIRWAD OILS PVT LTD,"E 374 PHASE I, INDUSTRIAL AREA BHIWADI, ALWAR RAJASTHAN",301019,BHIWADI,,India,Unregistered,TRUE,Gujarat
10178928,HITKARI GRAM UDYOG SANGH,"VPO ISMAILLA 18 57 KM STONE DELHI ROHTAK ROAD ROHTAK ROHTAK, HARYANA INDIA PH",124001,ROHTAK,,India,Unregistered,TRUE,Gujarat
10187250,AKASH YOG HEALTH PRODUCTS PVT LTD,PLOT NO 03 SECTOR 1B IIE UTTARAKHAND SIDCUL HARIDWAR,249403,HARIDWAR,,India,Unregistered,TRUE,Gujarat
10199000,RAJEEV INDUSTRIES 36 INDUSTRIAL AREA,"RAJEEV INDUSTRIES TRILOKPUR ROAD KALA AMB KALA AMB SI SIRMAUR, HIMACHAL PRADESH INDIA",171226,SIRMAUR,,India,Unregistered,TRUE,Gujarat
10204267,DEEP GREEN INCORPORATION,"B-267, SECTOR-3, BAWANA INDUSTRIAL AREA, BAWANA, DELHI",110039,DELHI,,India,Unregistered,TRUE,Gujarat
10273893,VARK SNACK FOOD PVT LTD,"SP 1192 F RIICO INDUSTRIAL AREA PHASE IV, BHIWADI ALWAR, RAJASTHAN",301019,ALWAR,,India,Unregistered,TRUE,Gujarat
10281327,MEERUT PACKAGING INDUSTRIES,"KHASRA NO 740, 741, 745 & OTHERS, VILLAGE MUSSIORIE, NH-119, MAWANAROAD",250002,MEERUT,,India,Unregistered,TRUE,Gujarat
10348418,KAYEM FOOD INDUSTRIES PVT LTD,"PLOT NO. 2244-47, HSIIDC, INDUSTRIAL ESTATE, RAI SONIPAT, KAYEM FOOD, SONIPAT",131029,SONIPAT,,India,Unregistered,TRUE,Gujarat
10348425,KUMAR AGRO FOODS,"SURVEY NO 40, KUMAR COMPOUND, SOANSHIV VILLAGE, WADA TILSA ROAD, TALUKA WADA, DIST-PALGHAR, THANE, MAHARASHTRA",421303,THANE,,India,Unregistered,TRUE,Gujarat
10348434,BHAWANI SILICATE INDUSTRIES,A - 7 GANGWAL PARK JAIPUR,302004,JAIPUR,,India,Unregistered,TRUE,Gujarat
11100895,ABSTRACT MANNEQUINS,"ABSTRACT MANNEQUINS PVT LTD., PLOT NO 12 HEMLA INDUSTRIAL ESTATE, FARIDABAD : HR",121001,FARIDABAD,,India,Unregistered,TRUE,Gujarat
20001741,JAINAM INVAMED PVT LTD,"111/112, SHUBH INDUSTRIAL ESTATE, NEAR CHINCHPADA BUS STOP, WALIV ROAD, VASAI EAST Â€“ 401208, PALGHAR, MAHARASHTRA",103230,PALGHAR,,India,Unregistered,TRUE,Gujarat
20005115,RELISH FOODS,"KILERAMA, KHASRA NO 128 VILLAGE DALPATPURA, NEAR JATAKHEDA ROAD INDORE BHOPAL HIGHWAY, ASHTA, ASHTA MADHYA PRADESH",466116,ASHTA,,India,Unregistered,TRUE,Gujarat
29000563,BIKANERWALA FOOD PVT LTD,"KHASRA NO 1765, 66, 68, 69, 70, 71, 72, 73, 74, 75, 1872, 1873/2 &1874/2, VILLAGE JATOLA, TEHSIL KHARKHAUDA, KHARKHODA, SONIPAT, HARYANA",131 402,SONIPAT,,India,Unregistered,TRUE,Gujarat
30100885,VIDEOTEX INTERNATIONAL PVT LTD,"VIDEOTEX INTERNATIONAL (P)T LTD.75/4, KASNA 1, ECOTECH-1 EXTENSION 1, GAUTAM BUDDHA NAGAR, UTTAR PRADESH",201310,NOIDA,,India,Unregistered,TRUE,Gujarat
30108460,AMBER ENTERPRISES (INDIA) PVT LTD,"AMBER ENTERPRISES (INDIA) PVT LTD, P 14, STREET 1, SECTOR 3 MET INDUSTRIEAL COLOLNY, JHAJJAR GURGAON ROAD DISTT. JHAJJAR, JHAJJAR HARYANA INDIA",124103,JHAJJAR,,India,Unregistered,TRUE,Gujarat
30108484,DIXON TECHNOLOGIES (INDIA) LTD,"DIXON TECHNOLOGIES, C-3/1CENTRAL HOPE TOWN INDUSTRIAL AREA SELAQUI, DEHRADUN, UTTARANCHAL, 248197",248197,DEHRADUN,,India,Unregistered,TRUE,Gujarat
30108556,PG ELECTROPLAST PVT LTD,"PG ELECTROPLAST PVT LTD, KHASRA NO 268 AND 275, 15TH MILESTO, ROORKEE - DEHRADUN NATIONAL HIGHWAY, VILL-RAIPUR, PARGANA-BHAGWANPUR, HARIDWAR UTTARANCHAL",247667,ROORKEE,,India,Unregistered,TRUE,Gujarat
30109349,WESTWAY ELECTRONICS LTD,"SECTOR 84 GAUTAM BUDDHA NAGAR, A-001D UTTAR PRADESH, INDIA",201305,NOIDA,,India,Unregistered,TRUE,Gujarat
30307006,"NYLON HOSIERY MILLS, LUDHIANA","B-32, E14/2004, GURBAX NAGAR, NEAR METRO G.T. ROAD. JALANDHER BYE PASS, LUDHIANA",141008,LUDHIANA,,India,Unregistered,TRUE,Gujarat
30402832,DAZZLE FOOTWEAR,"SELAQUI, DEHRADUN, SELAQUI",248197,DEHRADUN,,India,Unregistered,TRUE,Gujarat
30403131,BAHADURGARH,"SUPER KICKS, PLOT NO. 168, SECTOR 16, HSIIDC, BAHADURGARH, JAHAJJR, HARYANA",124507,BAHADURGARH,,India,Unregistered,TRUE,Gujarat
30403412,KALZADO INITIATIVES LLP,"CENTRAL, HOPE TOWN KHASRA NO 323 MI TEHSIL, VIKAS NAGAR, SELAQUI SARA INDUSTRIAL ESTATE, DEHARADUN",248197,DEHRADUN,,India,Unregistered,TRUE,Gujarat
30850086,ALSTEN ENTERPRISES,PLOT NO. 848 & 849 MIE PART - A BAHADURGARH HARYANA,124507,BAHADURGARH,,India,Unregistered,TRUE,Gujarat
30850092,OM POLYMERS,1404 &1417 MIE PART-B BAHADURGARH ( H.R,124507,BAHADURGARH,,India,Unregistered,TRUE,Gujarat
30850635,SKG PLASTICS PVT LTD,"PLOT NO 267, SECTOR-17, FOOTWEAR PARK, BAHADURGARH, HARYANA",124507,BAHADURGARH,,India,Unregistered,TRUE,Gujarat
32000371,RRL TRENDS JAIPUR,"180 GANGA VIHAR COLONY, MANGYAWAS. NEAR BHARAT MATA CIRCLE, MANSAROVER, JAIPUR, RAJASTHAN",302020,JAIPUR,,India,Unregistered,TRUE,Gujarat
32000828,"F 199, EPIP, SITAPURA, JAIPUR","F 199, EPIP, SITAPURA, JAIPUR (RAJ) INDIA",302022,JAIPUR,,India,Unregistered,TRUE,Gujarat
32000829,SAMARTH ENTERPRISES,"F-92, PRAHLADPURA INDUSTRIAL AREA, SITAPURA, JAIPUR, RAJASTHAN",302022,JAIPUR,,India,Unregistered,TRUE,Gujarat
32000830,LILADHAR CRAFTS,"PLOT NO.8-9, RAM RATAN COLONY B MUKUNDPURA ROAD, BHANKROTA JAIPUR RAJASTHAN",302026,JAIPUR,,India,Unregistered,TRUE,Gujarat
32000837,JAIN SHWETAMBER,"MOORTI KALA KENDRA, 1975, 4TH CROSSING KHANJANE WALON KA RASTA, CHANDPOL JAIPUR RAJASTHAN",302001,JAIPUR,,India,Unregistered,TRUE,Gujarat
32001092,RAM GOPAL BLUE POTTERY,"81, VISHNU GARDEN OPP. SANGANER AIRPORT TONK ROAD JAIPUR, RAJASTHAN",302029,JAIPUR,,India,Unregistered,TRUE,Gujarat
32001135,LIVING COCOON RETAIL LTD,F-191 SITAPURA INDUSTRIES AREA JAIPUR RAJASTHAN,302022,JAIPUR,,India,Unregistered,TRUE,Gujarat
32001152,RAMESH HANDICRAFTS,"70, OLD AMER ROAD, JDA MARKET, KANWAR NAGAR, OPP. VIJAY SENIOR SCHOOL, JAIPUR, RAJASTHAN",302002,JAIPUR,,India,Unregistered,TRUE,Gujarat
32001157,ABHINAV CRAFT,"F-2150/2151, RIICO INDUSTRIAL AREA RAMCHANDRAPURA, SITAPURA",302022,SITAPURA,,India,Unregistered,TRUE,Gujarat
32001159,RK DESIGN,"56, BUS STAND, VILL KHORA SHYAMDAS, TEHSIL AMER JAIPUR RAJASTHAN",303704,JAIPUR,,India,Unregistered,TRUE,Gujarat
32001249,SANTOSH MARBLE HANDICRAFT,"176, LAXMI VATIKA, HATHOJ VILLAGE, KALWAD ROAD, JAIPUR, RAJASTHAN",302012,JAIPUR,,India,Unregistered,TRUE,Gujarat
32001293,SALAWAS ART & CRAFTS,"NEAR KABIR ASHRAM, SALAWAS, JODHPUR, RAJASTHAN - PIN CODE : 342001",342001,JODHPUR,,India,Unregistered,TRUE,Gujarat
32001302,TRENDS HOSHIARPUR,"RAKESH OHRI, B 4/501, CHHATTA BAZAR, NAIABADI HOSHIARPUR, PUNJAB",146001,HOSHIARPUR,,India,Unregistered,TRUE,Gujarat
32001424,R K STUDIO POTTERIES,"PLOT NO. 8 OPP. S S GLOBAL SCHOOL, GURUKUL INDUSTRIAL AREA SEC - 38, FARIDABAD HARYANA",121003,NOIDA,,India,Unregistered,TRUE,Gujarat
32001489,U AND M DESIGNS,"KHASRA NO. 17/6, TANAWARA, LUNI TEHSIL JODHPUR, RAJASTHAN, INDIA",342013,JODHPUR,,India,Unregistered,TRUE,Gujarat
32001545,SUMATI POLYFIBERS,"F-2171, RIICO INDUSTRIAL AREA RAMCHANDRAPURA",302022,JAIPUR,,India,Unregistered,TRUE,Gujarat
32021104,PARASRAM APPARELS,"PARASRAM APPARELS, 449/6/7, STREE NO 0, JANAKPURI., NEW KIDWAI NAGAR, LUDHIANA, 141008",141008,LUDHIANA,,India,Unregistered,TRUE,Gujarat
32180022,SANSKRITI BASTAR,"PLOT NO 5-6, GANDI WARD, INDUSTRIAL STATE KONDAGAON CHHATTISGARH",494226,RAIPUR,,India,Unregistered,TRUE,Gujarat
32180600,PRACHI EXPORTS,"SF AND BASEMENT, B-104, OKHLA INDUS, AREA, PHASE-1, NEW DELHI, SOUTH DELHI, DELHI",110020,DELHI,,India,Unregistered,TRUE,Gujarat
32180697,CMT ARTS,"PLOT NO. 39, SAI VILLA, MISSION COMPOUND, NEAR AJMER PULIA, JAIPUR, RAJASTHAN",302001,JAIPUR,,India,Unregistered,TRUE,Gujarat
32180897,MEHAR TRADINGS,"B240, PAL SHILP GRAM, PAL VILLAGE, RIICO INDUSTRIAL AREA, JODHPUR",342014,JODHPUR,,India,Unregistered,TRUE,Gujarat
32181081,DESIGN DESTINATION,"J-125, PARSHWANATH CITY, PAL SANAGRIYA BYE PASS, SANGARIYA, JODHPUR, RAJASTHAN",342013,JODHPUR,,India,Unregistered,TRUE,Gujarat
32181089,NEW VISHWAKARMA HANDICRAFTS,"PLOT NO. 7, KHASRA NO. 1102 740, NEW VISHVAKARMA HANDICRAFTS, BEHIND BASNI POLICE, STATION, BASNI 2ND PHASE, JODHPUR, RAJASTHAN",342005,JODHPUR,,India,Unregistered,TRUE,Gujarat
32181188,TAJ HANDICRAFTS,"108, TAJ NAGARI, PHASE-1 TAJ EAST GATE ROAD, BEHIND TDI MALL, NEAR INDIA LEATHER HOUSE AGRA (UP)",282001,AGRA,,India,Unregistered,TRUE,Gujarat
33000001,ANMOL KNITTERS PVT LTD,"BAHADUR KE ROAD NEAR DANA MANDI, LUDHIANA",141007,LUDHIANA,,India,Unregistered,TRUE,Gujarat
33000073,YOUNGMAN WOOLLEN MILLS PVT LTD,VILLAGE SEERA RAHON ROAD LUDHIANA PUNJAB INDIA,141007,LUDHIANA,,India,Unregistered,TRUE,Gujarat
50015987,MIRC ELECTRONICS LTD,"VILLAGE KUDUS BHIWANDI WADA, DIST. PALGHAR, MAHARASHTRA",421312,PALGHAR,,India,Unregistered,TRUE,Gujarat
60010261,MEGASTAR FOODS LTD,"MEGASTAR FOODS LIMITED VILLAGE SOLKHIAN KURALI-ROPAR ROAD, RUPNAGAR, PUNJAB",140108,RUPNAGAR,,India,Unregistered,TRUE,Gujarat
60115828,RISIVEDA HERBAL PRODUCTS PVT LTD,"PLOT 30D, SECTOR 11 SIDCUL, HARIDWAR, HARIDWAR, UTTARAKHAND, 249403 HARIDWAR, UTTARAKHAND",249403,HARIDWAR,,India,Unregistered,TRUE,Gujarat
60250145,MANJUSHREE TECHNOPACK LTD,"PLOT NO 22B, 23, 23A, SECTOR 2, INTEGRATED INDL ESTATE PANTNAGAR UDHAM SINGH NAGAR, UDHAM SINGH NAGAR, UTTARAKHAND INDIA",263153,UDHAM SINGH NAGAR,,India,Unregistered,TRUE,Gujarat
60400209,AAKASH FOOD PRODUCTS PVT LTD,"DEWANMARO AYMA, AAKASH FOO",721304,KHARAGPUR,,India,Unregistered,TRUE,Gujarat
60400232,PUSHPAM FOODS & BEVERAGES PVT. LTD,"GAT NO 104/2A, VILLAGE BORATE VASTI, NANDUR, PUNE, MAHARASHTRA",412202,PUNE,,India,Unregistered,TRUE,Gujarat
60400379,DEVARPAN FOODS PVT LTD,KASHIPUR,244713,KASHIPUR,,India,Unregistered,TRUE,Gujarat
60400396,KANCHRATAN PACKAGING PVT LTD,INDORE,452010,INDORE,,India,Unregistered,TRUE,Gujarat
60400495,MUKESH OIL MILLS PVT LTD,E - 59 RIICO INDUSTRIAL AREA KHAIRTHA KISHANGARHBAS ALWAR RAJASTHAN - 301,301404,KHAIRTHAL,,India,Unregistered,TRUE,Gujarat
60402277,VIDHYASAGAR PROTIENS PVT LTD,"SARNA DUNAGR INDUSTRIAL AREA, BENAR ROAD JHOTWARA JAIPUR",302012,JAIPUR,,India,Unregistered,TRUE,Gujarat
80014506,KKG INDUSTRIES,"KKG INDUSTRIES, PLOT NO.31, SECTOR-3A, IIE, SIIDCUL, HARIDWAR, UTTARAKHAND, INDIA",247664,ROORKEE,,India,Unregistered,TRUE,Gujarat
80016312,VEELINE INDUSTRIES LTD,"PLOT NO : A-32, A-33 & A-34 INDUSTRIAL AREA BULANDSHAHR, SIKANDRABAD - 203206- UTTAR PRADESH",203206,BULANDSHAHR,,India,Unregistered,TRUE,Gujarat
80018344,ROYAL PLASTOCRAFT PVT LTD,"ROYAL PLASTOCRAFT PVT LTD SP 5 -1, RIICO INDUSTRIAL AREA, GHILOTH TEHSIL Â€“ NEEMRANA",301706,NEEMRANA,,India,Unregistered,TRUE,Gujarat
214886512,THE NIZAM COLLECTION,"627, KIDWAI NAGAR, HAPUR ROAD",250002,MEERUT,,India,Unregistered,TRUE,Gujarat
216951356,BELLA CASA FASHION & RETAIL LTD,E102-103 EPIP SITAPURA INDUSTRIAL AREA,302022,JAIPUR,,India,Unregistered,TRUE,Gujarat
217233490,CHARAN PAADUKA,"KHASRA. NO. 86/25/1, G/F, VILLAGE GHEVRA, MUNDKA",110041,DELHI,,India,Unregistered,TRUE,Gujarat
217639348,SHRUTI ENTERPRISES,"E-736, DSIIDC NARELA",110040,DELHI,,India,Unregistered,TRUE,Gujarat
217723652,"SS ENTERPRISES, FARIDABAD","S.S ENTERPRISES, PLOT NO.61/1, SIKAND COMPLEX; INDUSTRIAL AREA, N.I.T FARIDABAD",121001,FARIDABAD,,India,Unregistered,TRUE,Gujarat
218249648,CHETAK PLASTICS,"1501, GOKUL BALA GATE, MAGARWARA",209862,UNNAO,,India,Unregistered,TRUE,Gujarat
219768432,ELAHI FOOTWEAR CONCEPTS,"78/A, 125 FEET ROAD, TORAH, OPP NALANDA ESTATE, FATEHABAD ROAD",282003,AGRA,,India,Unregistered,TRUE,Gujarat
219772218,"SHOE ART INDIA, DELHI","SHOE ART INDIA, A-61, DSIIDC NARELA INDUSTRIAL AREA, DELHI",110040,DELHI,,India,Unregistered,TRUE,Gujarat
220025831,NEXGEN FOOTWEARS PVT LTD,"H-42, UDYOG NAGAR, PEERAGARHI, WEST DELHI, DELHI-110041",110043,DELHI,,India,Unregistered,TRUE,Gujarat
220810938,GANGA SALES CORPORATION,"PLOT NO 107, KH NO 111/17, NEAR RAJENDRA LAKRA SCHOOL, PHIRNI ROAD, INDUSTRIAL AREA, MUNDKA, NEW DELHI, INDIA",110041,DELHI,,India,Unregistered,TRUE,Gujarat
220835314,ACTION INTERNATIONAL PVT LTD,"D-5, UDYOG NAGAR, MAIN ROHTAK ROAD, NEW DELHI",110041,DELHI,,India,Unregistered,TRUE,Gujarat
221076934,AVANA OVERSEAS,"19/177, PEER KALYANI, MOTI LAL NEHRU ROAD, AGRA",282003,AGRA,,India,Unregistered,TRUE,Gujarat
221348336,J N SODAGAR HOSIERY,"B-5 583, 575 AND 577, WAIT GANJ, LUDHIANA PUNJAB, 141008",141008,LUDHIANA,,India,Unregistered,TRUE,Gujarat
221471205,ASHISH JAIN HOSIERY,"ASHISH JAIN HOSIERY B-24-3112, STREET NO 6-1/2, NEAR SIDHARTH PUBLIC SCHOOL, KULDEEP NAGAR, BASTI JODHEWAL, LUDHIANA, PUNJAB, LUDHIANA",141007,LUDHIANA,,India,Unregistered,TRUE,Gujarat
221519214,S.D POLYMER,"F-1488, DSIIDC INDL. AREA., NARELA, WEST DELHI, DELHI",110040,DELHI,,India,Unregistered,TRUE,Gujarat
221781495,AMBER HOME,"E92/3, RAJHANS INDUSTRIES COMPOUND NEAR NILAM NAGAR BUS STOP, AKKALKOAT ROA SOLAPUR, MAHARASHTRA",413006,SOLAPUR,,India,Unregistered,TRUE,Gujarat
221964446,AB POLYMER,"A B POLYMERS, KHASRA NO. 76/14/1, MIE-B, BAHADURGARH, HARYANA",124507,BAHADURGARH,,India,Unregistered,TRUE,Gujarat
222084005,CAPITAL FOOTWEAR INDUSTRIES,"CAPITAL FOOTWEAR INDUSTRIES, GANGA VIHAR COLONY, TAJGANJ AGRA UP",282001,AGRA,,India,Unregistered,TRUE,Gujarat
222103664,KURBAAN COLLECTION,"INDIVIDUAL OR PROPRIETOR KURBAAN COLLECTION 1385, VARDHMAN NAGAR ST.NO.6, RAHON ROAD. LUDHIANA, PUNJAB",141004,LUDHIANA,,India,Unregistered,TRUE,Gujarat
222275006,MB RUBBER,"M B RUBBER PVT LTD. D-13, 14, 15, SITE IV INDUSTRIAL AREA, SAHIBABAD, DISTT GHAZIABAD (U.P.)",201010,GHAZIABAD,,India,Unregistered,TRUE,Gujarat
222589677,VITRAG FABRICS PVT. LTD,HUF VITRAG FABRICS PVT. LTD. F 198 MANDIA ROAD PALI PALI,306401,PALI,,India,Unregistered,TRUE,Gujarat
223652937,RAJYAREKHA TRADE PVT. LTD,"PLOT NO. 1021 MIE PART A, BAHDURGARH, HARYANA",124507,BAHADURGARH,,India,Unregistered,TRUE,Gujarat
225540787,ITALICA INTERNATIONAL,"PLOT NO.28, SECTOR-17, HSIIDC, BAHADURGARH, HARYANA",124507,BAHADURGARH,,India,Unregistered,TRUE,Gujarat
225696551,SHAMSONS POLYMER PVT. LTD,C-1 SITE IV INDUSTRIAL AREA SAHIBABAD GHAZIABAD U.P.-,201010,GHAZIABAD,,India,Unregistered,TRUE,Gujarat
2000179706,PRAGATI GENERAL STORES,DAHANU ROAD PALGHAR THANE,401802,THANE,,India,Unregistered,TRUE,Gujarat
2015004655,HOSHIARPUR TRENDS,"M.B. TOWERS, COURT RD, KRISHNA NAGAR, HOSHIARPUR, PUNJAB",146001,HOSHIARPUR,,India,Unregistered,TRUE,Gujarat
3101000550,"NH - 77, BAZAAR, NEAR R D HIGH","NH - 77, BAZAAR, NEAR R D HIGH SCHOOL, RUNNI SAIDPUR MADHYA, CHAK DONAI, BIHAR",843328,SITAMARHI,,India,Unregistered,TRUE,Gujarat
3101000583,VIA RETAIL PVT LTD,"ARUN PLAZA, CIVIL LINES, BIJNOR UTTAR PRADESH",246701,BIJNOR,,India,Unregistered,TRUE,Gujarat
8000962942,STORE SIKAR,"CWC JAGMALPURA SIKAR, JHIGAR CHOTI ROAD, JAGMA",332024,SIKAR,,India,Unregistered,TRUE,Gujarat
20 CUBE,20 CUBE WAREHOUSING & DISTR PVT LTD,"20 CUBE WAREHOUSING & DISTRIBUTION PVT. LTD., KH. NO. 39/40/41-229/194-42, DEEPPURA SIKAR ROAD, HAMADA, JAIPUR-302013",302013,JAIPUR,,India,Unregistered,TRUE,Gujarat
ADPL,ADHYA DESIGN PVT LTD,PLOT NO 124 SECTOR 68 IMT FARIDABAD HARYANA,121004,FARIDABAD,,India,Unregistered,TRUE,Gujarat
AE55,RRL CC RAU,INDORE,452001,INDORE,,India,Unregistered,TRUE,Gujarat
AF_ALOXE_K,"WAREHOUSE-A, NEW SURVEY NO. 1076, NR. OM SAI WAY B","KUBADTHAL, GJ 382430","Kubadthal, GJ 382430",KUCHAMAN CITY,,India,Unregistered,TRUE,Gujarat
AF_BSB_S_,"560084751 MYNTRA FC, WHITEFIELD, BANGALORE","751, MYNTRA FC, WHITEFIELD, BANGALORE, KA PIN-560084",560084,BANGALORE,,India,Unregistered,TRUE,Gujarat
AF_FAMIL_I,"MBC NEW WAREHOUSE F-BLOCK, SURVEY NO.315/2/2 BHATK",MP 453441,453441,INDORE,,India,Unregistered,TRUE,Gujarat
AF_KRISH_,INDORE,"KRISHNENDU ENTERPRISES ADD: C-2, SHUKLA WAREHOUSE INDORE, MP 453555",453555,INDORE,,India,Unregistered,TRUE,Gujarat
AF_MERHA_1,"BUILDING NO. B600, LUHARI III, INDOSPACE LOGISTIC","DELHI, HR 124108",124108,DELHI,,India,Unregistered,TRUE,Gujarat
AF_MERHA_4,"H1 WAREHOUSE SAI DHARA LOGISTICS PARK, MUMBAI NASI","MUMBAI, MH 421302",421302,MUMBAI,,India,Unregistered,TRUE,Gujarat
AF_NIVEA_4,AFNIVEA421101465,"BORIVALI TARF SONALE, BORIVALI VILLAGE, GLOBAL REALTY INFRA BHIWANDI, MH 421101",421101,MUMBAI,,India,Unregistered,TRUE,Gujarat
AF_PAN_I_1,AFPANI122050961,"PLOT NO. 308 A, SECTOR 6, IMT MANESAR, MANESAR, GURUGRAM, HA GURUGRAM, HR 122050",122050,GURUGRAM,,India,Unregistered,TRUE,Gujarat
AF_POWER,AFPOWER421302377,"POWERMAX FITNESS (I) PVT. LTD. 143/156, INDIAN CORPORATION C BHIWANDI, MH 421302",421302,BHIWANDI,,India,Unregistered,TRUE,Gujarat
AF_WONDE,201003,"KHASRA NO. 824 VARDHMAN PURAM, MORTA GHAZIABAD (U.P.) - 2010 GHAZIABAD, UP 201003",201003,GHAZIABAD,,India,Unregistered,TRUE,Gujarat
AGRA,KAPOOR OVERSEAS,"1/132/1, FIRST FLOOR, SYED ALI NAVI, SHAHGANJ ROAD, AGRA",282010,AGRA,,India,Unregistered,TRUE,Gujarat
AGRA (WF),WORLD FOOTWEAR,18/194 PURANI MANDI TAJGANJ AGRA,282001,AGRA,,India,Unregistered,TRUE,Gujarat
AGRA SINE,AGRA SINE FOOTWEAR,"39, 40A, SHIVAM VATIKA MAUJA MIYAPUR, FATEHABAD ROAD, AGRA",282006,AGRA,,India,Unregistered,TRUE,Gujarat
AURANGABAD,AURANGABAD,"CENTRAL WAREHOUSING CORPORATION, PLOT NO 91, BACKSIDE OF UNITED SPIRITS, CHIKALTHANA MIDC AURANGABAD",431006,AURANGABAD,,India,Unregistered,TRUE,Gujarat
BAGHPAT,AMBE AGROFOODS PVT LTD,"10206493, SAHARANPUR ROAD, OPP. NBCC TOWNSHIP, KHEKRA, BAGHPAT",250101,BAGHPAT,,India,Unregistered,TRUE,Gujarat
BAGRU,SOLITAIRE INDUSTRIAL PARK,"PLOT NO 23, SOLITAIRE INDUSTRIAL PARK DEHMI KALAN, BAGRU, JAIPUR, RAJASTHAN",303007,BAGRU,,India,Unregistered,TRUE,Gujarat
BAHADURGAR,ABHAY FOOTWEAR PVT LTD,"KH NO. 76, OPP PLOT NO. 1535, MIE PART-B, BAHADURGARH, HARYANA",124507,BAHADURGARH,,India,Unregistered,TRUE,Gujarat
BALAGHAT,SMART HUB BALAGHAT,"RRL, CENTRAL WAREHOUSE, GODOWN NO 3 BALAGHAT WARASEONI ROAD, GARRA, BALAGHAT, MADHYAPRADESH",481001,BALAGHAT,,India,Unregistered,TRUE,Gujarat
BARMER,SMART HUB BARMER,"CENTRAL WAREHOUSE CORPORATION, KHASRA NO 463, BARMER, MITHRA ROAD",344001,BARMER,,India,Unregistered,TRUE,Gujarat
BASSI,BASSI PATHANA,"VILLAGE KOTLA FAZAL TEHSIL BASSI PATHANA, PUNJAB, SIRHIND FATEGARH SAHIB, PUNJAB",140406,BASSI PATHANA,,India,Unregistered,TRUE,Gujarat
BB-TUMKUR,BB-TUMKUR,"(10252083)FUTURE CONSUMER LIMITED INDIA FOOD PARK LIMITED, PLOT NO-10-11, VASANTHANARSHAPURA IND. AREA, KIADB PHASE-3, KOTRA HOBLI- TUMKUR-572138",572138,TUMKUR,,India,Unregistered,TRUE,Gujarat
BCTX,RENAISSANCE INDUSTRIAL,"SMART CITY VASHERE VILLAGE BHIWANDI, MAHARASHTRA",421302,BHIWANDI,,India,Unregistered,TRUE,Gujarat
BEAWAR 2,SMART HUB BEAWAR RRL,"RELIANCE RETAIL LIMITED, CENTRAL WAREHOUSE 2, FRONT OF RIICO INDUSTRIAL AREA, GRAM GOHANA, BEAWAR, RAJASTHAN",305925,BEAWAR,,India,Unregistered,TRUE,Gujarat
BHAMBOLI,RELIANCE RETAIL LTD,"BUILDING 700, INTERSPACE CHAKAN III, CHAKAN MIDC PHASE II BHAMBOLI, PUNE",410501,PUNE,,India,Unregistered,TRUE,Gujarat
BHARATPUR,RRL BHARATPUR,"RELIANCE RETAIL LIMITED, CENTRAL WAREHOUSING PLOT NO G 162-165 BRIJ INDUSTRIAL AREA BEHIND NAFED PLANT BHARATPUR",321001,BHARATPUR,,India,Unregistered,TRUE,Gujarat
BHIND,SMART HUB BHIND RRL,"CENTRAL WAREHOUSE, GODOWN NO.1, LAHAR ROAD, INDUSTRIAL AREA",477001,BHIND,,India,Unregistered,TRUE,Gujarat
BHIWANDI,"RELIANCE VF DC MANKOLI, BHIWANDI-","RELIANCE VF DC MANKOLI, BHIWANDI-",421302,BHIWANDI,,India,Unregistered,TRUE,Gujarat
BHOPAL,RRL DIGITAL DC BHOPAL,"BARRAI VILLAGE, KHASRA NUMBER 234/5 & 235/4, BHOPAL",462026,BHOPAL,,India,Unregistered,TRUE,Gujarat
BHOPAL 2,RRL BHOPAL,RELIANCE RETAIL LIMITED BLUE SKY WH & SUN KH N262/2/3 256/2/2/1 257/1/2 TO 253/2 VLG PIPALIYA JAHIRPEER NR KISHAN KANTA BOCL PETROL PUMP BYPS RD BHOPAL,462010,BHOPAL,,India,Unregistered,TRUE,Gujarat
BHRT,BRIJ HONEY PVT LTD,"VILLAGE TEHRA LODHA NH 11 AGRA HIGHWAY BHARATPUR, RAJASTHAN INDIA",321001,BHARATPUR,,India,Unregistered,TRUE,Gujarat
BIKANER,NAVHARI FOOD PRODUCTS PVT. LTD,"F-88-89 BICHHWAL INDUSTRIAL AREA, BIKANER- (RAJASTHAN)",334006,BIKANER,,India,Unregistered,TRUE,Gujarat
BIKANO,BIKANERVALA FOODS PVT LTD,"PLOT NO-21, SECTOR-24, FARIDABAD, FARIDABAD HARYANA",121001,FARIDABAD,,India,Unregistered,TRUE,Gujarat
BNG,BNG FASHION GEARS PVT. LTD.,"PLOT NO- 319, 320, SEC-17, HSIIDC, BAHADURGHAR, HR",124507,BAHADURGARH,,India,Unregistered,TRUE,Gujarat
BOM5,RENAISSANCE INDUSTRIAL SMART,"CITY, KALYAN SAPE ROAD THANE, MAHARASHTRA 421302",421302,KALYAN,,India,Unregistered,TRUE,Gujarat
BSB,"SPIN132103756 OPP.MEHAK FARM, SHRI RAM MARG, P","BSB_SPIN_132103_756 OPP.MEHAK FARM, SHRI RAM MARG, PANIPAT, HR 132103",132103,PANIPAT,,India,Unregistered,TRUE,Gujarat
CB08,PL - CHENNAI,"C/O. S.N.D ENTERPRISES, SURVEY NO.461/2C, REDHILLS-AMBATTUR RO, PUZHAL VILLAGE, AMBATTUR TALUK, - CHENNAI",600062,CHENNAI,,India,Unregistered,TRUE,Gujarat
CF08 & Y122,VF DC,"WAREHOUSE NOS. 96 & 104, INDIAN CORPORATION, DAPODI ROAD, OPP GAJANAND PETROL PUMP, MANKOLI NAKA",421202,BHIWANDI,,India,Unregistered,TRUE,Gujarat
CHHINDWARA,CHHINDWARA,"CENTRAL WAREHOUSE, GODOWN NO. 01, NARSINGHPUR ROAD, VILLAGE JAUMINA, CHHINDWARA (M.P)",480223,CHHINDWARA,,India,Unregistered,TRUE,Gujarat
CHOMU,CENTRAL WAREHOUSING GODOWN,"CENTRAL WAREHOUSING GODOWN NO 1A, 2A, 2B, 5A, 5B VIA UDAIPURIA PO BHOPA?WAS, CHOMU",303807,CHOMU,,India,Unregistered,TRUE,Gujarat
CM08,"VF DC, WAGHOLI","VARUN WARE HOUSING CORPORATION, GATE NO. 497 / 498, KATKEWADII, WAGHOLI, TALUKA HAVELI, PUNE",412207,PUNE,,India,Unregistered,TRUE,Gujarat
CONA FWEAR,CONA FOOTWEAR INDIA PVT LTD,"C29/1 SITE-C UPSIDC SIKANDRA, AGRA",282007,AGRA,,India,Unregistered,TRUE,Gujarat
CPC-PUNJAB,SNS WAXING PLANT,"SNS WAXING PLANT, SAYADWALA, ABHOR, PANJAB",152116,ABHOR,,India,Unregistered,TRUE,Gujarat
CT08,VF DC JAIPUR,"PLOT NO B-192, ROAD NO. 9F, VKI",0,JAIPUR,,India,Unregistered,TRUE,Gujarat
CTC1,RRL JAIPUR CPC,RRL JAIPUR CPC BLUMA B192 ROAD NO. 9 F VISWAKARMA INDUSTRIAL AREA JAIPUR,302013,JAIPUR,,India,Unregistered,TRUE,Gujarat
DAMOH,DAMOH,DAMOH,470661,DAMOH,,India,Unregistered,TRUE,Gujarat
DC11,METRO CASH & CARRY INDIA PVT LTD,"HADBAST NO. 44 AND 46, IN ZIRAKPUR, MOHALI",140603,MOHALI,,India,Unregistered,TRUE,Gujarat
DEEP,DEEP ENTERPRISES,"PLOT NO 3278, G.F BLOCK-J, DSIDC NARELA INDUSTRIAL AREA, NEW DELHI",110040,DELHI,,India,Unregistered,TRUE,Gujarat
DEHRADUN,MG SHAHANI & CO DELHI PVT LTD,"PLOT NO : 30, PHARMA CITY, INDUSTRIAL AREA, SELAQUI. DEHRADUN. UTTARANCHAL",248197,DEHRADUN,,India,Unregistered,TRUE,Gujarat
DHARUHERA,RRL-NORTH-HR-DHARUHERA,RELIANCE RETAIL LIMITED SCHENKER INDIA PVT LTD HADBAST NO 191 KHEWAT KHATUNI NO 8 MUSTATIL NO 17 KILLA NO 11 2 3 12 DIST REWARI,123106,DHARUHERA,,India,Unregistered,TRUE,Gujarat
DIXON,DIXON TECHNOLOGIES,"C-3/1CENTRAL HOPE TOWN INDUSTRIAL AREA SELAQUI DEHRADUN, UTTARANCHAL",247670,DEHRADUN,,India,Unregistered,TRUE,Gujarat
DR08,"VF DC, NEELAMANGALA","NO 53/1 OPP UNIBIC BISCUIT FACTORY, ALAGURU HEGGADADEVANAPURA, GOLDEN SPA ROAD, NELAMANGALA - 562123 BANGALORE",562123,BANGALORE,,India,Unregistered,TRUE,Gujarat
EA08,VF DC GURGAON (PATAUDI),RRL GURGAON DRY DC TAJ NAGAR ROAD JAMALPUR CHOWK TEHSIL - FARUKHNAGAR VILLAGE TAJ NAGAR DISTT GURGAON .,NA,GURUGRAM,,India,Unregistered,TRUE,Gujarat
EV08,"VF DC, BHOPAL","19/8, MILE STONE, SAD WAREHOUSE VILLAGE CHHAN, BHOJPUR ROAD BHOPAL",462047,BHOPAL,,India,Unregistered,TRUE,Gujarat
F1BD,RRL POONAM MALL,"VIP ROAD, KHASRA NO. 91, NORTH AMBASARI ROAD",440010,NAGPUR,,India,Unregistered,TRUE,Gujarat
F1CG,"FF-KALYAN-SARVODAYA MALL , RELIANCE RETAIL LTD","SARVODAYA MALL, KALYAN SHILPHATA ROAD, NEAR PATRI POOL, KALYAN",421301,KALYAN,,India,Unregistered,TRUE,Gujarat
F1FH,NAMAN MALL MANAGEMENT PL,"RNTMARG, INDORE",452001,INDORE,,India,Unregistered,TRUE,Gujarat
F1JA,MDC-NAGPUR-WADGAON HINGNA-GM-HF,MDC-NAGPUR-WADGAON HINGNA-GM-HF SURVEY NO.60/1/2/3/B 83/2 84 85/A&B 86 TO 90 91/1 91/4/A&B WADGAON HINGNA NAGPUR,441122,NAGPUR,,India,Unregistered,TRUE,Gujarat
F1QC,MDC- NAGPUR- WADGAON,HINGNA,440010,NAGPUR,,India,Unregistered,TRUE,Gujarat
FARRUKHNAG,RRL CDIT FARRUKHNAGAR DC,RRL CDIT FARRUKHNAGAR DC EMBASSY INDUSTRIAL PARK,122506,FARRUKHNAGAR,,India,Unregistered,TRUE,Gujarat
FC Nagpur,SMART FC,"NO 471 TO 476 MOUZA KHUMARI PS K 12, KHASRA NO 41-43 MOUZA KOKARDA KHUMARI TEHSIL KAMLESHWAR NAGPUR, MAHARASHTRA",441502,NAGPUR,,India,Unregistered,TRUE,Gujarat
FD08,"VF DC, DASANPURA HOBALI","SY NOS. 15/1 AND 16/1 ADAKAMARANAHALLI VILLAGE, DASANAPURA HOBLI, BANGALORE",562162,BANGALORE,,India,Unregistered,TRUE,Gujarat
FERRO PL,FERRO SONA GARMENTS,"PVT. LTD. RAHON ROAD, MANGAT ROAD, VILLAGE- KHAWAJKE, LUDHIANA-",141007,LUDHIANA,,India,Unregistered,TRUE,Gujarat
FR28,SB BHOPAL AURA MALL GULMOHAR,SECTOR E8 ARERA COLONY AURA MALL OPP RAJIV GANDHI COLLEGE GULMOHAR ( BHOPAL,462039,BHOPAL,,India,Unregistered,TRUE,Gujarat
FRAZ,BANUR DC,RAJPURA,140401,RAJPURA,,India,Unregistered,TRUE,Gujarat
FRBG,SBZ PB LDH SILVER ARC FEROZEP,SBZ PB LUDHIANA SILVER ARC FEROZEPUR RD. BXX 622 GURDEV NAGAR. LUDHIANA (PB),141001,LUDHIANA,,India,Unregistered,TRUE,Gujarat
FRFT,SBZ PB AMRITSAR TRILIUM MALL VR AMBARSAR,"PLOT NO 4 MEDICAL. ENCLAVE OPPOSITE BASANT, AVENUE CIRCULAR ROAD. AMRITSAR",143001,AMRITSAR,,India,Unregistered,TRUE,Gujarat
FRGV,"METRO CASH & CARRY INDIA PVT LTD,","T3DS, VASAL MALL, CIVIL LINE RAOD, OPPT PRESIDENT HOTAL, JALANDHAR PUNJAB",144001,JALANDHAR,,India,Unregistered,TRUE,Gujarat
GHAZIABAD,MMX FOODS PVT LTD,"MMX FOODS PRIVATE LIMITED, MMX MALL, GT ROAD, MOHAN NAGAR, GHAZIABAD, UTTAR PRADESH",201007,GHAZIABAD,,India,Unregistered,TRUE,Gujarat
GNNH,AMAZON SELLER SONI NI CHAWL,"ADARSH INDUSTRIAL ESTATE AHMEDABAD, GUJARAT 38002",38002,AHMEDABAD,,India,Unregistered,TRUE,Gujarat
G-NOIDA,"ECOTECH-11, UDYOG VIHAR","PLOT NO.42(KHASRA NO6661-662) ECOTECH-11, UDYOG VIHAR, GREATER NOIDA, UP, GAUTAM BUDDHA NAGAR, UTTAR PRADESH-",201306,NOIDA,,India,Unregistered,TRUE,Gujarat
GONDIA,CWC GONDIA,"CENTRAL WAREHOUSE GONDIA-1, SARA TOLY, MURRI ROAD. BEHIND SINDHI SCHOOL. GONDIA",441601,GONDIA,,India,Unregistered,TRUE,Gujarat
GR-INTERNA,GR INTERNATIONAL,"KHASRA NO.1410, MAUJA BAIPUR AGRA-MATHURA ROAD, SIKANDRA",282007,AGRA,,India,Unregistered,TRUE,Gujarat
GURGAON,SCHENKER INDIA WAREHOUSE,"REVENUE ESTATE KILA#51 17 24 VILLAGE KHURUMPUR TEHSIL FARUKHNAGAR GURGAON, HARYANA",122506,GURGAON,,India,Unregistered,TRUE,Gujarat
GWL,RELIANCE RETAIL LTD [GWALIOR FC,"RELIANCE RETAIL LIMITED [GWALIOR FC PLOT.NO.994, WARD NO.13, BARAGHATA INDUSTRIAL AREA NEARBY VICKY FACTORY SQUARE",474009,GWALIOR,,India,Unregistered,TRUE,Gujarat
HANUMANGAR,HANUMANGARH,"SB WAREHOUSING, CHAK 7 HMH, TIBBI ROAD, HANUMANGARH TOWN",335513,HANUMANGARH,,India,Unregistered,TRUE,Gujarat
HARIDWAR,KANJ PRODUCTS PVT LTD,"PLOT NO. 71 AND 72, SECTOR 8A, IIE SIDCUL, HARIDWAR UTTARANCHAL",249403,HARIDWAR,,India,Unregistered,TRUE,Gujarat
HARIDWAR 2,GINNI FILAMENTS LTD.,"(CONSUMER PRODUCT DIVISION) PLOT NO.-98, SECTOR-5, IIE, SIDCUL, HARIDWAR (U.K)",249403,HARIDWAR,,India,Unregistered,TRUE,Gujarat
Haryana,INDO NISSIN FOODS PVT LTD.,"91 KMS, NH-8, DELHI- JAIPUR ROAD, VILLAGE DEODHAI, TESHI BAWAL. DIST: REWARI, HARYANA",123401,REWARI,,India,Unregistered,TRUE,Gujarat
HINGOLI,"MSWC WH JAWALA BAZAR, HINGOLI","JAWALA BAZAR, HINGOLI",431705,HINGOLI,,India,Unregistered,TRUE,Gujarat
IDX2,SHIV LOGISTIC PARK,"KHASRA NO 282/1/2/2 INDORE, MADHYA PRADESH",453771,INDORE,,India,Unregistered,TRUE,Gujarat
INDORE,SHIVANI DETERGENTS,"PLOT NO. 41 C, E & F SELLER QUOT. REF SECTOR II, PITHAMPUR, DHAR, DHAR MADHYA PRADESH, PIN-CODE: INDIA",454775,INDORE,,India,Unregistered,TRUE,Gujarat
ISK3,ISK3,"ROYAL WAREHOUSING AND LOGISTICS LLP, SURVEY NUMBER 45 BHIWANDI, MAHARASHTRA 421302",421302,BHIWANDI,,India,Unregistered,TRUE,Gujarat
JAGDALPUR,JAGDALPUR,"KHASRA NO-63 PH NO 9, NH43, VILG: NAKTI SAMER, PO ADAWAL JAGDALPUR",494001,JAGDALPUR,,India,Unregistered,TRUE,Gujarat
JAIPUR,RRL VF RJ JAIPUR,"MOTU KA BAS GCR DC, KHASRA NO 76 TO 96 98 118, VILLAGE MOTU KA BAS TEHSIL AMER, JAIPUR",303704,JAIPUR,,India,Unregistered,TRUE,Gujarat
JAIPUR DC,RRL JAIPUR DIGITAL DC,SP-2033 INDUSTRIAL AREARAMCHANDRAPURA SITAPURA EXTENSION SITAPURA 302022 JAIPUR (RAJ.),302022,JAIPUR,,India,Unregistered,TRUE,Gujarat
JALANDHAR,J.B. INTERNATIONAL,"VILLAGE SANGALSOHAL NEAR WARIYANA IND. COMPLEX, KAPURTHALA ROAD JALANDHAR",144013,JALANDHAR,,India,Unregistered,TRUE,Gujarat
JALANDHAR2,RRL JALANDHAR,"RELIANCE RETAIL LIMITED, E GROCERY FC JALANDHAR NURPUR",144001,JALANDHAR,,India,Unregistered,TRUE,Gujarat
JANAK LUDH,JANAK SONS KNITWEAR PVT LTD,"VILLAGE MEHARBAN, RAHON ROAD, LUDHIANA - PUNJAB, INDIA",141007,LUDHIANA,,India,Unregistered,TRUE,Gujarat
JASPUR,"ZIPPY EDIBLE PRODUCTS PVT LTD,","TALABPUR THAKURDWARA ROAD JASPUR, DIST. - U S NAGAR, UTTARAKHAND.",244712,JASPUR,,India,Unregistered,TRUE,Gujarat
JDPL,JAIPUR DESIGNS,"JAIPUR DESIGNS PVT LTD H-11, RIICO INDUSTRIAL AREA MANSAROVER",302020,JAIPUR,,India,Unregistered,TRUE,Gujarat
JHUNJHUNU,SMART HUB JHUNJHUNU,"RRL, CENTRAL WAREHOUE, RICCO INDS.AREA, JHUNJHUNU",333001,JHUNJHUNU,,India,Unregistered,TRUE,Gujarat
JRV NOIDA,JRV INDUSTRIES LLP,"INDUSTRIAL PROPERTY, B-6 2ED FLOOR, SEC-88, GAUTAM BUDDHA NAGAR, NOIDA, UTTAR PRADESH",201305,NOIDA,,India,Unregistered,TRUE,Gujarat
KANPUR,"KANPUR EDIBLESS PVT LTD,","GATE NO.190.201.RANIA, AKBARPUR TAHSIL. KANPUR DEHAT, UP",209304,KANPUR,,India,Unregistered,TRUE,Gujarat
KARANJA,"KARANJA LAD, WASHIM","BULDHANA URBAN WH NAGPUR HIGHWAY RAOD, SAWARKAR CHOWK KARANJA LAD DIST. WASHIM -",444105,KARANJA,,India,Unregistered,TRUE,Gujarat
KASHYAP,KASHYAP FOOTWEAR INDUSTRIES,"C-96 EPIP EXPORT PARK SHASTRIPURAM SIKANDRA, AGRA",282007,AGRA,,India,Unregistered,TRUE,Gujarat
KATNI,"SMART FC, KATNI",CWC WAREHOUSE NEAR GALLA MANDI KATNI,483501,KATNI,,India,Unregistered,TRUE,Gujarat
KB CREATIO,K. B. CREATION,INDIVIDUAL OR PROPRIETOR RAM GOPAL CHHIPA PALOWALON KA BAGH NEAR SAINI MISTHAN BHANDAR SANGANER,302029,JAIPUR,,India,Unregistered,TRUE,Gujarat
KEWAL RAM,KEWAL RAM PLASTICS,KEWAL RAM PLASTICS F 1708 DSIIDC NARELA DELHI,110040,DELHI,,India,Unregistered,TRUE,Gujarat
KHURJA,"MINHAS POTTERY,","MINHAS POTTERY, C-1, INDUSTRIAL ESTATE. G.T. ROAD, KHURJA U.P. 203131",203131,KHURJA,,India,Unregistered,TRUE,Gujarat
KISHANGANJ,"RRL , KISHANGANJ","CENTRAL WAREHOUSING CORPORATION, RELIANCE RETAIL LTD, PASCHIMPLAI",855107,KISHANGANJ,,India,Unregistered,TRUE,Gujarat
KOLHAPUR,GHODAWAT CONSUMER LTD,"GHODAWAT CONSUMER LIMITED GAT NO-470/5/6/8, A/P-CHIPRI, TAL-SHIROL DIST-KOLHAPUR(MAHA) KOLHAPUR, MAHARASHTRA",416101,KOLHAPUR,,India,Unregistered,TRUE,Gujarat
KOLHAPUR2,GHODAWAT CONSUMER,"GAT NO 593, 594, 611 & 612 A/P CHIPRI, JAYSINGPUR 416101, 416101, KOLHAPUR MAHARASHTRA",416101,KOLHAPUR,,India,Unregistered,TRUE,Gujarat
KRAFT IMPE,KRAFT IMPEX-ASN,"INDIVIDUAL OR PROPRIETOR KNIT KRAFT IMPEX GR FLOOR, IX/1312, MANDIR VALI GALI, GANDHI NAGAR, EAST DELHI, DELHI",110031,DELHI,,India,Unregistered,TRUE,Gujarat
KUNDLI,XO FOOTWEAR PVT LTD,"XO FOOTWEAR PVT. LTD.PLOT NO. 34B, SECTOR-57, PHASE-IV, HSIIDC INDUSTRIAL ESTATE, KUNDLI DISTT. SONEPAT, KUNDLI",131028,KUNDLI,,India,Unregistered,TRUE,Gujarat
LATUR,MSWC MIDC,MSWC MIDC RENAPUR LATUR P2 DIST. LATUR P2,413527,LATUR,,India,Unregistered,TRUE,Gujarat
LUDHIANA,PVT LTD LUDHIANA,"VPO JANDIALI, NEAR KOHARA, CHANDIGHAD ROAD, LUDHIANA",141001,LUDHIANA,,India,Unregistered,TRUE,Gujarat
MATHURA,M/S CRD FOODS,"M/S CRD FOODS, VILLAGE KOSI KHURD BHARATPUR ROAD MATHURA, UTTAR PRADESH",281005,MATHURA,,India,Unregistered,TRUE,Gujarat
MBOX,"LK SPACES, RAJLAXMI TEXTILE PARK,POGAON","POGAON, MAHARASHTRA 421302",421302,BHIWANDI,,India,Unregistered,TRUE,Gujarat
MBTC,MBTCINT110039609,"POCKET J, SECTOR - 4 BUILDING NO./FLAT NO.: 113 AND 114 DSII DELHI, DL 110039",110039,DELHI,,India,Unregistered,TRUE,Gujarat
MISC-008,UDAIPUR,UDAIPUR,NA,UDAIPUR,,India,Unregistered,TRUE,Gujarat
MISC-009,BOTAD,BOTAD,NA,BOTAD,,India,Unregistered,TRUE,Gujarat
MORENA,MORENA,"CENTRAL WAREHOUSE GATE NO.2 NEAR KRISHI MANDI, PARISHAR, NAINA GARH ROAD MORENA MP",476001,MORENA,,India,Unregistered,TRUE,Gujarat
MS-NAGPUR,"M/S NISARG ENTERPRISES,","PLOT NO A 13/29, MIDC AREA, NEAR FIRE STATION, BUTTIBORI, NAGPUR-2, MAHARASHTRA",441122,NAGPUR,,India,Unregistered,TRUE,Gujarat
MTL,MANJUSHREE TECHNOPARK LTD,UDHAM SINGH NAGAR RUDRAPUR,263153,RUDRAPUR,,India,Unregistered,TRUE,Gujarat
NAGPUR,RRL 20 CUBE WAREHOUSING & DISTRIBUTION LTD,"W/H ADD : KH NO 16, CHINCHBHUWAN, 14 MAIL, NEAR HP PETROL PUMP, KALMESHWAR ROAD, VILLAGE NIMJI, TAH KALMESHWAR",441501,NAGPUR,,India,Unregistered,TRUE,Gujarat
NAMHO FASH,NAMHO FASHION LUDHIANA,"RRL JHAJJAR REWARI ROAD E8/1684, ST NO.6, NEW BASANT VIHAR KAKOW NH 71 NEW NH 352 CHAINAGE RD 401 370 LUDHIANA",141007,LUDHIANA,,India,Unregistered,TRUE,Gujarat
NANDED,RRL CENTRAL WEARHOUSE,"NR, JAWAHAR NAGAR, TUPPA VILLAGE, NANDED",431603,NANDED,,India,Unregistered,TRUE,Gujarat
NASIK,KALWAN,"RELIANCE RETAIL LTD, GIRNAR CC, NEAR BPCL PETROLEUM PUMP, DUGAON, NASHIK",422003,NASIK,,India,Unregistered,TRUE,Gujarat
NAVBHARAT,M/S NAVBHARAT INDUSTRIES,"A-37/1 MIDC KHAIRANE, TTC INDUSTRIAL AREA, NEAR PARIMEET HOTEL, BEHIND WHITE HOUSE, NAVI MUMBAI",400710,MUMBAI,,India,Unregistered,TRUE,Gujarat
NOIDA,PG TECHNOPLAST PVT LTD,"PLOT NO 76 SECTOR ECOTECH 12 GAUTAM BUDH NAGAR, UTTAR PRADESH INDIA",201306,NOIDA,,India,Unregistered,TRUE,Gujarat
PALGHAR,CANBARA,"CANBARA IND PVT LTD, UNIT-3 1017/3, OLD SATPATI ROAD, SHIRGAON, PALGHAR(W), DIS-PALGHAR-401404",401404,PALGHAR,,India,Unregistered,TRUE,Gujarat
PALSANA,PALSANA RICCO,"PALSANA, SIKAR",332402,PALSANA,,India,Unregistered,TRUE,Gujarat
PARSONS,PARSONS NUTRITIONALS PVT LTD,"PARSONS NUTRITIONALS PVT LTD, PLOT NO Â€“ 5, SITE Â€“ IV, INDUSTRIAL AREA, SAHIBABAD, GHAZIABAD Â€“ ( U.P. )",201010,GHAZIABAD,,India,Unregistered,TRUE,Gujarat
Pathankot,METRO CASH & CARRY,PATHANKOT BY BASS JALANDHAR,144001,JALANDHAR,,India,Unregistered,TRUE,Gujarat
PATIALA,"RELIANCE RETAIL LTD, E-GROCERY RMFC PATIALA","KHEWAT NO-3 KHATAUNI NO-6, VILL-BIR BAHADURGARH AND KHEWAT NO-30, KHATAUNI NO-40, VILLAGE KASBA ALIAS RURKI TEHSIL PATIALA",147021,PATIALA,,India,Unregistered,TRUE,Gujarat
PITHAMPUR,"RELIANCE BRANDS LTD, PITHAMPUR","MILLENNIUM BABYCARES PVT LTD, PLOT NO 111 112 SECTOR NO 2, PITHUMPUR INDUSTRIAL AREA PITHAMPUR",454775,PITHAMPUR,,India,Unregistered,TRUE,Gujarat
PL,KANPUR EDIBLES (P) LTD,MAYUR HOUSE KANPUR,209304,KANPUR,,India,Unregistered,TRUE,Gujarat
PL - ASHTA,SATHVIK AGRO FOOD INDUSTRIES PVT LTD,KHASRA NO 124 4 INDORE BHOPAL HIGHWAY VILLAGE DALAPATPURA,466116,ASHTA,,India,Unregistered,TRUE,Gujarat
PL- DEWAS,VIPPY INDUSTRIES LTD,"28 INDUSTRIAL AREA A. B. ROAD, DEWAS-455001 DEWAS",455001,DEWAS,,India,Unregistered,TRUE,Gujarat
PL- KHURDA,INDO NISSIN FOODS PVT LTD,"PLOT NO : A/2, IDCO FOOD PROCESSING PARK, KHORDHA INDUSTRIAL ESTATE, KHORDA, ODISHA",752055,KHURDA,,India,Unregistered,TRUE,Gujarat
PL(JAIPUR),"PLOT NO.A-118,B-119 & B-120","VISHWAKARMA INDUSTRIAL AREA, ROAD NO. 9, JAIPUR-",302013,JAIPUR,,India,Unregistered,TRUE,Gujarat
PL-AGRA,PL AGRA FOOTWEAR,ELAHI FOOTWEAR CONCEPTS,223007,AGRA,,India,Unregistered,TRUE,Gujarat
PL-ASANGAO,PL ASANGAON VENDOR,"VIVA COSMETICS, C1/1 TO 6, RADHEYSHYAM INDUSTRIES ASANGAON, TALUKA - SHAHAPURA, DIST THANE",421601,ASANGAON,,India,Unregistered,TRUE,Gujarat
PL-B'GARH,PL BAHADURGARH,"OM POLYMERS, MIE PART B",124507,BAHADURGARH,,India,Unregistered,TRUE,Gujarat
PL-BHILWARA,"CALVINTEX VENTURES PVT LTD, BHILWARA","MANDAPIYA CHOARAHA, CHITTOR ROAD, NEAR JANKI PROCESS, BHILWARA",311001,BHILWARA,,India,Unregistered,TRUE,Gujarat
PL-BIKANER,SUN SHINE FOOD PRODUCTS PVT LTD,"F-88-89 BICHHWAL INDUSTRIAL AREA, BIKANER, RAJASTHAN",334006,BIKANER,,India,Unregistered,TRUE,Gujarat
PLCHOMU,RRL VF JPR CHOMU,PL DC RAJ-DC-CHO-9008 HATHNODA TEHSIL CHOMU DIST JAIPUR,303702,JAIPUR,,India,Unregistered,TRUE,Gujarat
PL-GHA'BAD,PL GHAZIABAD,"SONAM COLLECTION, TRONICA CITY",201102,GHAZIABAD,,India,Unregistered,TRUE,Gujarat
PL-GO'GARH,"JALLAN FOOD PRODUCTS, GOVINDGARH","KHASRA NO. 1566/2, VILLAGE DHOBLAI, GOVINDGARH",303718,JAIPUR,,India,Unregistered,TRUE,Gujarat
PL-HARIDWA,AKASHYOG,AKASHYOG HEALTH PRODUCTS PRIVATE LIMITED,248401,HARIDWAR,,India,Unregistered,TRUE,Gujarat
PL-INDORE,METRO CASH AND CARRY INDIA PVT LTD,"S.NO.17/8/1, 2/4/4, 17/3/1, 17/7/5/1, PIPLIYA KUMHAR P.H.NO.17 (NEW NO.40 INDORE(MADHYA PRADESH), INDORE, MADHYA PRADESH",452010,INDORE,,India,Unregistered,TRUE,Gujarat
PL-JAIPUR,SURAJMAL RAMNIWAS OIL MILLS PVT LTD,"A-69(A), ROAD NO-1D, V.K.I.AREA",302013,JAIPUR,,India,Unregistered,TRUE,Gujarat
PL-KHARGON,"NIMRANI, KHARGONE",AKSHAT AGRO MILLING COMPANY PVT LTD PLOT NO 1-8 AND 23 TO 33 FOOD PROCESSING PARK INDUSTRIAL AREA AB ROAD NIMRANI,451001,KHARGONE,,India,Unregistered,TRUE,Gujarat
PL-LUDHIAN,PL LUDHIANA,"LIKE KNITTING, GT ROAD BYEPASS",141003,LUDHIANA,,India,Unregistered,TRUE,Gujarat
PL-MORENA,MORENA MP,305 SHRI BADRIDHAM RESIDENCI NARAYANI BALI GALI DATTPUR MURENA,476001,MORENA,,India,Unregistered,TRUE,Gujarat
PL-NOIDA,SARAH INTERNATIONAL,"D-172, PHASE 2 EXTN, HOSIERY COMPLEX, NOIDA",201304,NOIDA,,India,Unregistered,TRUE,Gujarat
PL-PALGHAR,PL-PALGHAR ATLAS COMMODITIES,"M/S ATLAS COMMODITIES, 1010 DONGRIPADA, KAMAN BHIWANDI ROAD, KAMAN, TAL-VASAI, DIST-PALGHAR- 401208",401208,PALGHAR,,India,Unregistered,TRUE,Gujarat
PL-PANVEL,PL WAREHOUSE PANVEL,PANVEL,410106,PANVEL,,India,Unregistered,TRUE,Gujarat
PL-ROORKEE,PL- ROORKEE WAREHOUSE,"PLOT NO: 12 (A), RAIPUR SAHKARI UDYOGIK KSHETRA, VILLAGE RAIPUR, (BHAGWANPUR), ROORKEE -",247667,ROORKEE,,India,Unregistered,TRUE,Gujarat
QWIK,QWIK SUPPLY CHAIN PVT LTD.,"KHEWAT/KHATA NO.489/503 MUSTKIL, TOATL LAND, 17 KANNAL, 7 MARLA SHARE SALAM, NO 57, KILLA NO 8 & 9, 122004 GURGAON, HARYANA(06), 122004",122004,GURGAON,,India,Unregistered,TRUE,Gujarat
R280,FC BHIWANDI,"GALA-1-14 PLOT-GA-1 HISSA-3/2 VILLAGE K, SUMIT LOGISTICS & INDUSTRIAL PARK, TALUKA BHIWANDI DISTRICT THANE",421302,MUMBAI,,India,Unregistered,TRUE,Gujarat
R301,VF DC KOMPALLY,"SVY NO. 645/B DEVARAYAMJAL VILLAGE, SHAMIRPET MANDAL, MEDCHAL- MALKAJGIRI DIST, HYDERABAD",500014,HYDERABAD,,India,Unregistered,TRUE,Gujarat
R321,AKOLA,"RRL PVT LABEL AKOLA, M K AGRO COLD, PLOT NO 168, MIDC YEOTA ROAD, AKOLA",444104,AKOLA,,India,Unregistered,TRUE,Gujarat
R406,RRL DIGITAL DC SIRHIND,RELIANCE DIGITAL LIMITED KHEWAT KHATONI NO 2/2 MOHALI SIRHIND ROAD VILLAGE-MUKARAMPUR ISHER HALI FATEHGARH SAHIB,140406,SIRHIND,,India,Unregistered,TRUE,Gujarat
R466,RRL LUHARI FC,RELIANCE RETAIL LTD,124507,JHAJJAR,,India,Unregistered,TRUE,Gujarat
R468,DC RAJAHMUNDRY,"VILLAGE/GRAM PANCHAYAT- HUKUMPET, RAJAHMUNDRY RURAL MANDAL, DIST- EAST GODAVARI, RAJAHMUNDRY",533107,RAJAHMUNDRY,,India,Unregistered,TRUE,Gujarat
R696,RRL MUMBAI DIGITAL DC,SAPTASHREE WAREHOUSE WAHULI OPP PUSHKAR MELA RESORTS BHIWANDI MUMBAI,421302,BHIWANDI,,India,Unregistered,TRUE,Gujarat
R810,"RRL, JAIPUR DIGITAL DC",SITAPURA EXTENSION,302022,JAIPUR,,India,Unregistered,TRUE,Gujarat
R834,NAGPUR,RRL SSL NAGPUR PRIVATE LABEL RELIANCE RETAIL LIMITED NAG-SSL-PL-001 NAGPUR,441104,NAGPUR,,India,Unregistered,TRUE,Gujarat
RAI,BIKANERVALA FOODS PVT LTD,"HSIIDC INDUSTRIAL ESTATE, PHASE-II, PLOT NO-2272-2275, RAI HARYANA",131029,RAI,,India,Unregistered,TRUE,Gujarat
RAIGAD,PARAKH FOODS AND OILS LTD,"VILLEGE DEVNHAVE, PALI ROAD, KHOPOL RAIGAD MAHARASHTRA, 410203 RAIGARH(MH), MAHARASHTRA",410203,RAIGAD,,India,Unregistered,TRUE,Gujarat
RAIGARH,RAIGARH CWC-2,KASHIRAM CHAOK ODISHA ROAD RAIGARH,496001,RAIGARH,,India,Unregistered,TRUE,Gujarat
RAIPUR,GD LOGISTICS,"GD LOGISTICS, RING ROAD NO-03, VIDHANSABHA ROAD, RAIPUR",492001,RAIPUR,,India,Unregistered,TRUE,Gujarat
RFPP,RASRASNA FOOD PRODUCTS(I)PVT LTD,"E-66, BICHHWAL INDUSTRIAL AREA, BIKANER",334006,BIKANER,,India,Unregistered,TRUE,Gujarat
ROHTAK,SWASTH AAHAR PVT LTD,"15 K.M. MILE STONE DELHI ROHTAK NATIONAL HIGHWAY NO -10, NEXT TO L.P.S. BOSSARD KHARAWAR ; DISTT. ROHTAK HARYANA",124021,ROHTAK,,India,Unregistered,TRUE,Gujarat
ROORKEE,WONDER FIBROMATS LTD,"KHASRA NO. 105-106, RAIPUR INDUSTRIAL AREA, BHAGWANPUR, ROORKEE",247667,ROORKEE,,India,Unregistered,TRUE,Gujarat
RR JAIN,RR JAIN INDUSTRIES,"SHARMAN RATTAN ENCLAVE, BAHADUR KE LUDHIANA PUNJAB",141008,LUDHIANA,,India,Unregistered,TRUE,Gujarat
RRL TRENDS,NDC SULTANPUR,"INDUSTRIAL PLOT 6, DADRI",124103,JHAJJAR,,India,Unregistered,TRUE,Gujarat
RRLCD,RRL CONSUMER BRAND,RRL CONSUMER BRAND DELHI,110000,DELHI,,India,Unregistered,TRUE,Gujarat
RUDRAPUR,SWG INDUSTRIES,"LIMITED, PLOT NO 8, SECTOR-1 II E PANTNAGAR, RUDRAPUR, (U.S.NAGAR) UTTARAKHAND, UDHAM SINGH NAGAR, UTTARANCHAL",263153,RUDRAPUR,,India,Unregistered,TRUE,Gujarat
S0CV,RRL RAJPURA PUNJAB DIGITAL DC,RELIANCE RETAIL LIMITED BUILD NO B500 INDOSPACE LOGISTICS PARK RELIANCE RTL LTD CO ISHANVI INDUSTRIAL P RAJPURA VILLAGE CHAMARU RAJPURA,140401,RAJPURA,,India,Unregistered,TRUE,Gujarat
S0GT,RRL SULTHANPUR TRENDS DC,"INDUSTRIAL PLOT N1 STREET NIMANA SECTOR5, MODEL ECONOMIC TOWNSHIP TEHSIL BADLI DISTRICT JHAJJAR HARYANA JHAJJAR",124103,JHAJJAR,,India,Unregistered,TRUE,Gujarat
S0GZ,"RRL DC,SHRI VINAYAK LOGISTICS",SR NO 135 1 136 1 AND 141 1 1 141 1 2 A B ROAD VILLAGE BARODA ARJUN THL SANWER SAWER INDORE MADHYA PRADESH,453771,INDORE,,India,Unregistered,TRUE,Gujarat
S0HF,"RRL MP INDORE DC,",26 2 MANGLIYA PATWARI HALKA LASUDIA PARMAR A B ROAD NEAR RELIANCE PETROL PUMP INDORE MADHYA PRADESH,452010,INDORE,,India,Unregistered,TRUE,Gujarat
S0HT,RELIANCE RETAIL LTD TRENDS BADLI,"BUILDING NO-B 900, INDOSPACE INDUSTRIAL"", ""PAHASOUR-, FAIZABAD, JHAJJAR BADLI ROAD, "", ""& LOGISTICS PARK, BADLI COMPLEX, VILLAG JHAJJAR",124105,JHAJJAR,,India,Unregistered,TRUE,Gujarat
S0IY,QSCPL VF MH PUNE CHAKAN DC,ESR CHAKAN II INDUSTRIAL&LOGISTICS PARK VILLAGE AMBETHAN TAL KHED CHAKAN,410501,PUNE,,India,Unregistered,TRUE,Gujarat
S0NX,RRL AGRI BUSINESS MURTHAL,RRL AGRI BUSINESS MURTHAL RELIANCE RETAIL LIMITED BANSAL BROTHERS CHAMBER NO 2/6/7 KHEWAT TEHSIL & DISTRICT SONIPAT HARYANA NO159 MIN 344 KHATA NO 255/56 BHATURI SONIPAT,131001,SONIPAT,,India,Unregistered,TRUE,Gujarat
S0WJ,MH ANTARIKSH LOGIDROME,"BLDGNO B6 SAPE AMANE VASHERE VILLAGE BHIWANDI THANE MAHA PADGHA KALYAN RD OPP RENAISSANCE COMPLEX BHIWANDI, MH",421302,BHIWANDI,,India,Unregistered,TRUE,Gujarat
S1OP,RELIANCE RETAIL LTD.,AMTA AMTA BAGNAN ROAD DEORA HOWRAH AMTA2 WEST BENGAL,711401,HOWRAH,,India,Unregistered,TRUE,Gujarat
S1QX,RRL VF VIDISHA PL DC,"KHASRA NO 338 &340 VILLAGE DHATURI, HAVELI MANAGEMENT LIMITED, STAR AGRI WAREHOUSING & COLLATERAL, VIDISHA",464001,VIDISHA,,India,Unregistered,TRUE,Gujarat
S1UQ,RRL AGRI INDORE MP PL D RELIANCE RETAIL,"L, SR 236/1/233/3/4/67/54 PAIKI PATW HALKA MANISH MAHESHWARI BALAJI WAREHOUSE VALLAGE DAKACHIA TEHSIL SANWA INDORE",452001,INDORE,,India,Unregistered,TRUE,Gujarat
S223,RRL TRENDS BADLI DC RELIANCE RETAIL LTD,INDOSPACE INDUST & LOGISTICS PARKTEHSIL BADLI DIST JHAJJAR BADLI HR,124105,JHAJJAR,,India,Unregistered,TRUE,Gujarat
S2OH,"RELIANCE RETAIL LTD, RRL HR KURUKSHETRA WH","NAND LAL GARG HUF WH, KHEWAT 31, 32, KH164, 42 TO 54/ 5/ 23/1/ 3/5/ 36/ 11/12/ 7/20, 26/3 / 3 / 5 AT VILLAGE TOWN KAMODA, THANESAR",136118,THANESAR,,India,Unregistered,TRUE,Gujarat
S3OM,RRL PL BKVK KUNDLI MANIYARI,RRL PL BKVK KUNDLI MANIYARI RELIANCE RETAIL LIMITED KHEWAT NO 1328 KHATA NO 1328 KHATA NO 1474 NARELA PIAU MANIYARI ROAD SECTOR 48 KUNDLI SONIPAT (HR),131028,SONIPAT,,India,Unregistered,TRUE,Gujarat
S3ON,PBG INDW MP,GRAM DAKACHIYA TEHSIL SANWAR INDORE RRL C/0 PRANIK LOGISTICS INDORE,452006,INDORE,,India,Unregistered,TRUE,Gujarat
S3OU,RRL BHIWANDI DC,COMPANY RRL MH BHIWANDI PL RELIANCE RETAIL LIMITED INDIAN CORPORATION BLDG NO 111 & 120 UNIT 5 TO 8 JUMBO BUILDING MANKOLI NAKA DAPODE VILLAGE BHIWANDI BHIWANDI,421302,BHIWANDI,,India,Unregistered,TRUE,Gujarat
S3RW,RRL KASHIPUR,KHASRA NO 53MIN & 54MIN NAGAR INDUSTRIAL ESTATE BAZPUR ROAD KASHIPUR,247667,KASHIPUR,,India,Unregistered,TRUE,Gujarat
S3TP,RRL DIGITAL JAIPUR AJMER ROAD DC,"""KHASRA NO 1, 5, 6, 8, 9, 10"" 894/1 896/8 898/9 VILLAGE SARANGPURA TEHSIL SANGANER DISTRICT JAIPUR RAJ",302026,JAIPUR,,India,Unregistered,TRUE,Gujarat
S3WL,RRL AGRI SOURCING PRERNA RELIANCE RETAIL LTD,"PRERNA GARG CHAMBER NO, 01 & 02 KHASRA NO 40-2, 4-0, 40-3, 1-0, SITUATED IN THE REVENUE STATE VILLAGE HAMIDPUR ALIPUR",110036,ALIPUR,,India,Unregistered,TRUE,Gujarat
S433,DBS DC DASANPURA HOBALI,"SCHENKER LOGISTICS CENTRE (SLC), SURVEY NO 71 DASANAPURA VILLAGE, DASANAPURA HOBLI RAUTANAHALLI RD, 562123 BANGALORE",562123,BANGALORE,,India,Unregistered,TRUE,Gujarat
S4WV,RRL RAI PACKING CENTRE RELIANCE RETAIL LTD,PLOT NO. 401 PHASE- V FOOD PARK HSIIDC INDUSTRIAL ESTATE RAI OPP YAKULT MILK DAIRY 131029 SONIPAT (HR),131029,SONIPAT,,India,Unregistered,TRUE,Gujarat
S4XC,RRL FOOTPRINT SULTANPUR NDC,"INDUSTRIAL PLOT NO 1, VILLAGE: DADRI TOE, JHAJJAR HARYANA JHAJJAR",124103,JHAJJAR,,India,Unregistered,TRUE,Gujarat
S531,RRL AKBARPUR SONEPAT,RELIANCE RETAIL LIMITED M/S PARAS PRODUCTS PVT LTD KILLA NO 91//16/2 17/1 17/2 24/1 24/2/1 24/2/2 2 VILLAGE AKBARPUR BAROTA DISTRICT SONEPAT,131103,AKBARPURA,,India,Unregistered,TRUE,Gujarat
S537,RRL BHIWANDI,"RELIANCE RETAIL LTD. O1, SAGAR COMPLEX, VILLAGE OVLI, OPP. HP PETROL PUMP, MUMBAI-NASHIK HIGHWAY, BHIWANDI",421302,BHIWANDI,,India,Unregistered,TRUE,Gujarat
S542,TVS DC NAGPUR,"KHASRA NO 60 MOUZA KHAPARI P H NO 23, KALMESHWAR BYPASS ROAD, TAL KALMESHWAR DISTRICT NAGPUR",440023,NAGPUR,,India,Unregistered,TRUE,Gujarat
S570,SAGAR COMPLAX,"BHIWANDI NASIK ROAD, BHIWANDI",421308,MUMBAI,,India,Unregistered,TRUE,Gujarat
S573,RRL CDIT RAIPUR CG DIGITAL,RELIANCE RETAIL LIMITED G D LOGISTIC PARK LAND KHASRA NO 557/11 PATWARI HALKA NO 22 NEAR RAILWAY OVERBRIDGE RING ROAD 3 GIROUD,493111,RAIPUR,,India,Unregistered,TRUE,Gujarat
S581,RRL AJIO,"RRL AJIO B2B DC BADLI, 900 DC PAHASOUR FAIZABAD JHAJJAR BADLI ROAD HARYANA",124105,JHAJJAR,,India,Unregistered,TRUE,Gujarat
S682,"RRL AJIO, KHOPOLI",KHOPOLI DC,410203,KHOPOLI,,India,Unregistered,TRUE,Gujarat
S699,RRL-BADLI JHAJJAR,"DB SCHENKER CDIT C/O INDO SPACE INDUSTRIAL PARK PVT LTD 20 CUBE WAREHOUSING & DISTRIBUTON LTD. VLG PAHASOUR FAIZABAD PO BADLI JHAJJAR, BADLI ROAD MDR 123 NEAR DON BOSCO SCHOOL",124105,JHAJJAR,,India,Unregistered,TRUE,Gujarat
S701,RELIANCE RETAIL LTD CHENNAI,PROCONNECT SUPPLY CHAIN SOLUTION LTD 79 KURUTHANAMEDU VILLAGE KAVARAIPET,601206,CHENNAI,,India,Unregistered,TRUE,Gujarat
S729,PL COLD STORE SONIPAT,"HR-PL-SOPT-01-B, M/S VRINDAVAN AGRO FOOD COLD STORAGE, 102/14/1/1 VLG AKBARPURA BAROTA SEC42, NARELA SAFIABAD ROAD DISTRICT SONIPAT",131001,SONIPAT,,India,Unregistered,TRUE,Gujarat
S845,"FC KUMBHERPHAL, AURANGABAD","EGROCERY FC KUMBHERPHAL AURANGABAD, PLOT NO. D-190, SHENDRA FIVE STAR INDUSTRIAL AREA, KUMBHERPHAL SHENDRA, MIDC, AURANGABAD-431201",431201,AURANGABAD,,India,Unregistered,TRUE,Gujarat
S846,FC RELIANCE MARKET MANGALIYA,"KHASRA NO 44, MANGALAYA, VILLAGE LASUDIA P, OPP HPS BOTTLING PLANT, TEHSIL SANVER, AB ROAD",452001,INDORE,,India,Unregistered,TRUE,Gujarat
S861,LUCKNOW MOHAN ROAD,"CDIT DC DB SCHENKER LUCKNOW MOHAN ROAD, NEAR SHIVANI PUBLIC SCHOOL, VILLAGE BHAUKAPUR, KHASRA NO 539BA/ 644 LUCKNOW",226401,LUCKNOW,,India,Unregistered,TRUE,Gujarat
S950,RMFC PATIALA,"RELIANCE RETAIL LIMITED, E-GROCERY RMFC PATIALA, KHEWAT NO-3 KHATAUNI NO-6, VILL-BIR BAHADURGARH AND KHEWAT NO-30, KHATAUNI NO-40, VILLAGE KASBA ALIAS RURKI TEHSIL PATIALA, PATIALA",147021,PATIALA,,India,Unregistered,TRUE,Gujarat
SA87,E GROCERY,"FC, RAIPUR",492001,RAIPUR,,India,Unregistered,TRUE,Gujarat
SADW,QWIK SUPPLY CHAIN PVT LTD BHW,QSCPL VF-BHW-MILESTONE COMPOUND SN43/1/2A/1C 44/1D/A/C 45/1A/2A/2B 46/1A 1B/C/D/3E/4E/1E/7B/7A A5/6/8 MILESTONE COMPD IND COOP VLG DIVE ANJUR BHIWANDI THANE,421302,THANE,,India,Unregistered,TRUE,Gujarat
SAEX,SAEX - QSCPL - VF APPAREL DC HR,JHAJJAR REWARI ROAD NH 71 NEW NH 352 CHAINANGE RD 401 370 VILLAGE GHIJA ROAD JHAJJAR,124103,JHAJJAR,,India,Unregistered,TRUE,Gujarat
SAEY,SAEX QSCPL - VF APPAREL DC HR,JHAJJAR REWARI ROAD NH 71 NEW NH 352 CHAINANGE RD 401 370 GHIJA ROAD JHAJJAR,124103,JHAJJAR,,India,Unregistered,TRUE,Gujarat
SAEZ,RRL VF DL JINENDER BAKOLI PL DC,RRL VF DL JINENDER BAKOLI PL DC RELIANCE RETAIL LIMITED JINENDER KUMAR JAINCHMBR NO 12&3 NEW KHEWAT NO 370 MIN MUTATION NO 370 KHASRA NO21/8 9 HADBAST NO 33 BAKOLI NORTH DELHI,110007,BAKOLI,,India,Unregistered,TRUE,Gujarat
SAFY,YOUSTA NAGPUR KALAMESHWAR DC,YOUSTA NAGPUR KALAMESHWAR DC RELIANCE RETAIL LIMITED SURVEY NO 471 TO 476 MOUZA KHUMARI P S K 12 AND SURVEY NO 41 42/1 42/2AND43 MOUZA KOKARDI P S K 12 KALAMESHWAR NAGPUR,441502,KALAMESHWAR,,India,Unregistered,TRUE,Gujarat
SAI INTERN,SAI INTERNATIONAL,"PLOT NO-315, 316, SECTOR-17 HSIIDC, FOOTWEAR PARK, BAHDURGARH, HARYANA",124507,BAHADURGARH,,India,Unregistered,TRUE,Gujarat
SAJL,RRL VF UP KANPUR CHACHENDI PL DC,"UTTAR PRADESH RRL KALPI RD, CHACHENDI URF SACHENDI IST, ARAZI NO 882, 883, KA MI, NH-2, KANPUR NAGAR GROUND FLR",209304,KANPUR,,India,Unregistered,TRUE,Gujarat
SAMN,TRENDS NAGPUR KALAMESHWAR DC,"RELIANCE RETAIL LIMITED SY NO 471 TO 476, MOUZA KHUMARI, PSK 12 AND SURVEY NO41, 42/142/2 AND 43 MOUZA KOKARDI, PSK 12 KALAMESHWAR",441502,KALAMESHWAR,,India,Unregistered,TRUE,Gujarat
SAMPAKA,F&L ECOMM SAMPAKA JIT CDC,QWIK SUPPLY CHAIN PRIVATE LIMITED FARUKHNAGAR GURGAON VILLAGE SAMPAKA,122503,GURGAON,,India,Unregistered,TRUE,Gujarat
SATNA,SMART HUB SATNA RRL,KHASRA NO.75TO79 &161168 &173 VILLAGE SARISTAL SATNA PANNA MAIN ROAD TEHSIL RAGHURAJ NGR,485441,SATNA,,India,Unregistered,TRUE,Gujarat
SB01,DC KHOPOLI,"BLDG NO B 100, SHED 100, INDRAN LOGISTICS, INDOSPACE INDSUSTRIAL AND LOGISTICS KHOPOLI II COMPLEX VILLAGE AJIVALI TALUKA KHALAPUR RAIGD",410203,MUMBAI,,India,Unregistered,TRUE,Gujarat
SB85,RRL AJIO B2B CDC,"JAIPUR LOGISTICS PARK, BAGRU, NH8, JAIPUR (RJ)",303007,JAIPUR,,India,Unregistered,TRUE,Gujarat
SBOB,"F-2,SURVEY NO. 122/7C,122/2,122/1,118/1,118/7,131","AYUSHI SPA BHIWANDI, MAHARASHTRA",421101,BHIWANDI,,India,Unregistered,TRUE,Gujarat
SC30,AJIO BAGRU DC,"JAIPUR LOGISTICS & WAREHOUSE, VILLAGE RAVAN, BAGRU",303007,JAIPUR,,India,Unregistered,TRUE,Gujarat
SC52,VF BHOPAL SANCHIT DC,KHASRA 111 1 2 ADAMPUR CHAWNI VILLAGE AD PS BILKHIRIANEAR RESHMRAO HOTEL ADAMPUR ADAMPUR RAISEN ROAD BHOPAL-462022,462022,BHOPAL,,India,Unregistered,TRUE,Gujarat
SC54,DC BADLI,"SCHENKER INDIA PVT LTD, INDOSPACE INDUSTRIAL AREA, VILLAGE PAHASOUR FAIZABAD, PO BADLI JH",0,DELHI,,India,Unregistered,TRUE,Gujarat
SC79,"KD LGS DC WADPE, BHIWANDI","RICHLAND COMMERCIAL HUB BLDG NO D 6A & UNIT NO 12 TO 18 WADPE VILLAGE ROAD, NASIK HIGHWAY BHIWANDI, MUMBAI",421302,MUMBAI,,India,Unregistered,TRUE,Gujarat
SC80,QWIK SUPPLY CHAIN PVT LTD BHIWANDI,RICHLAND COMMERCIAL HUBBLDG NO D6 A & 6B UNIT NO 12 TO 18 WADPE VILLAGE ROAD NASIK HIGHWAY BHIWANDI MUMBAI,421302,BHIWANDI,,India,Unregistered,TRUE,Gujarat
SD29,HAPUR,"VILLAGE BHOVAPUR, RELIANCE ROAD HAPUR",245101,HAPUR,,India,Unregistered,TRUE,Gujarat
SD32,FRAO CDC RANCHI VILLAGE TETRI,"ADDRESS- CDC RANCHI VILLAGE TETRI FOOD L, CDC RANCHI VILLAGE TETRI BB F, VILLAGE TETRI THANA NAMKUM, RANCHI, JHARKHAND",834010,RANCHI,,India,Unregistered,TRUE,Gujarat
SD34,CDC-BANUR-RAJPURA-(SF-FOOD),"CDC-BANUR-RAJPURA-(SF-FOOD) KHASRA NO 1243 1218 1219 1217 1221 1222, 359 363HADBAST146VILLSHAMBHUKALANTEHSIL, RAJPURA, PUNJAB",140417,RAJPURA,,India,Unregistered,TRUE,Gujarat
SD72,RRL AKBARPUR SONEPAT PL DC,RELIANCE RETAIL LIMITED SR TECHNO SOFT PVT LTD KH NO 101//1/1/21 11/2/1 102//5/2/3 5/2/2 5/4/1/2 5/4/22 6 VILLAGE AKBARPUR BAROTA DISTRICT SONIPAT,131103,SONIPAT,,India,Unregistered,TRUE,Gujarat
SD95,YAYATH WH INDORE,RELIANCE RETAIL LTD YAYATH BUILDTECH 10/1 EMPIRE LOGIPARK AB ROAD INDORE MADHYA PRADESH,453551,INDORE,,India,Unregistered,TRUE,Gujarat
SE27,QWIK TRENDS MIHAN,NAGPUR DC,440001,NAGPUR,,India,Unregistered,TRUE,Gujarat
SE31,MIHAN DC,"RELIANCE RETAIL LTD., MIHAN DC, NAGPUR, NEAR MADC AND KHAPRI METRO STATION",441108,NAGPUR,,India,Unregistered,TRUE,Gujarat
SE32,"RRL TRENDS, SADHRANA DC","SADHRANA, GURUGRAM",122505,GURUGRAM,,India,Unregistered,TRUE,Gujarat
SE50,MDC-NAGPUR-MIHAN SEZ,"MDC-NAGPUR-MIHAN SEZ(BB-APPS, GM, HF), A DIV OF FUTURE RETAIL LIMITED, NEAR MADC MAIN OFFICE, MIHAN SEZ, WARDH RD, NEAR BAB SAHEB INTERNATIONAL AIRPORT, NAGPUR",441108,NAGPUR,,India,Unregistered,TRUE,Gujarat
SE59,RRL-EAST-BIHAR-PATNA,RELIANCE RETAIL LIMITED PROCONNECT SUPPLY CHAIN SOL LTD KHATA NO4 PLOT NO 8&9 JAIRAM NAGAR MAHULI ROAD VILLAGE KHOTIA -PATNA,800009,PATNA,,India,Unregistered,TRUE,Gujarat
SE69,"RRL, JAIPUR","20CUBE WAREHOUSING & DISTRIBUTION PVT. LTD., SP-636 (A-1), ROAD NO. 6, VKI AREA",302013,JAIPUR,,India,Unregistered,TRUE,Gujarat
SE96,CWC AKOLA,"CWC, AKOLA",444006,AKOLA,,India,Unregistered,TRUE,Gujarat
SF50,RRL PL BRG AMAR COLD CHAIN INDORE,"RELIANCE RETAIL LIMITED, KH NO 535/1/1 & 539/1 VILLAGE, BADIYAKIMA NEMAWAR ROAD, TEH, DIST INDORE",452016,INDORE,,India,Unregistered,TRUE,Gujarat
SF67,RRL VF JAIPUR SDFX DC,RELIANCE RETAIL LIMITED RRL VF JAIPUR,302013,JAIPUR,,India,Unregistered,TRUE,Gujarat
SF86,MANDIDEEP DC,QSCPL VF BHOPAL IBOB DC SS WAREHOUSE AND LOGISTICS VLG SARAKIYA NEAR MANDIDEEP INDUSTRIAL AREA MANDIDEEP (BHOPAL),462046,MANDIDEEP,,India,Unregistered,TRUE,Gujarat
SG07,INDORE FC,RRL INDORE EGROCERY FC SHRI VINAYAK LOGISTICS SANWER,453771,INDORE,,India,Unregistered,TRUE,Gujarat
SG84,RRL TRENDS UNNAO LUCKNOW DC,"RELIANCE RETAIL LIMITED, VILLAGE BAJEHARA NH-25 PARGANA TEHSIL HASANGANJ",209859,UNNAO,,India,Unregistered,TRUE,Gujarat
SH09,RRL AJIO B2B KHOPOLI 2 DC,RELIANCE RETAIL LIMITED BUILDING NO B 500 IKSHITA LOGISTICS PARK INDOSPACE LOGISTIC PARK KHOPOLI VLG AJIVALI TALUKA KHALAPUR RAIGAD KHOPOLI,410203,KHOPOLI,,India,Unregistered,TRUE,Gujarat
SH20,DUMARTARAI RAIPUR,"KHASRA NO. 193/19 BLOCK G L.K CORPORATES AND LOGISTICS PARK NH-30 NEW DHAMTARI ROAD, DUMARTARAI",492015,RAIPUR,,India,Unregistered,TRUE,Gujarat
SH50,RRL AJIO BADLI,"RRL AJIO B2B CDC BADLI RELIANCE RETAIL LIMITED B1200, INDOSPACE INDUSTRIAL AND LOGISTIC PARK, PAHASORUR, FAIZABAD, JHAJJAR, BADLI ROAD, HARYANA",124105,BADLI,,India,Unregistered,TRUE,Gujarat
SH65,RRL VF MH NAGPUR GATI DC,RELIANCE RETAIL LIMITED VFDC KHUMARI TAH. KALMESHWAR DIST. NAGPUR,441502,NAGPUR,,India,Unregistered,TRUE,Gujarat
SH66,RRL VF OD KHURDA PL DC,RELIANCE RETAIL LIMITED RELIANCE RETAIL LIMITED A/21A/ 21/AA/22A/22/BA/22/B PKHOLADWAR INDUSTRIAL AREA MOUZA MUKUNDAPRASAD KHORDA,752055,KHURDA,,India,Unregistered,TRUE,Gujarat
SHEOPUR KA,SMART HUB SHEOPUR KALAN,RRL CENTRAL WAREHOUSE GODOWN NO 6 SHEOPUR KALAN II KHATOULI ROAD JAIDA,476337,SHAHPUR,,India,Unregistered,TRUE,Gujarat
Shoemac,SHOEMAC EXPORTS,"143-MANAS NAGAR, SHAHGANJ AGRA",282010,AGRA,,India,Unregistered,TRUE,Gujarat
SI77,SMART HUB RAIPUR RRL,POWER LINE ACCESSORIES ROAD INDUSTRIAL AREA BHANPURI RAIPUR CHHATTISGARH,492003,RAIPUR,,India,Unregistered,TRUE,Gujarat
SI81,SMART HUB CHOMU,FCPL CENTRAL WAREHOUSING GODOWN NO 1A2A2B TEHSIL CHOMU DISTRICT JAIPUR,303702,CHOMU,,India,Unregistered,TRUE,Gujarat
SI92,RELIANCE RETAIL LTD,"CENTRAL WAREHOUSE, EGROCERY BODHAN TG FC, JANNEPALLY X ROAD NIZAMABAD, BODHAN",503185,BODHAN,,India,Unregistered,TRUE,Gujarat
SI96,SMART HUB KHANDWA,"RRL, CENTRAL WAREHOUSING CORPORATION, KHANDWA, ANAND NAGAR","4,50,00,14,50,051",KHANDWA,,India,Unregistered,TRUE,Gujarat
SI98,SMART HUB KOTPUTLI RRL,"GODOWN NO. 1D, 3A, 3B, 3C, CENTRAL WH KOTPUTLI CEMENT FACTOR OPP SUB DIST JAIL VILL RAMSINGHPURA, GOPALPURA ROAD JAIPUR, RAJASTHAN",303108,KOTPUTLI,,India,Unregistered,TRUE,Gujarat
SI99,SMART HUB SIKAR RRL,"CWC JAGMALPURA SIKAR, JHIGAR CHOTI ROAD, JAGMALPURA, POST BHADWASI, SIKAR, RAJASTHAN",332024,SIKAR,,India,Unregistered,TRUE,Gujarat
SIKANDRABA,SIKANDRABAD,"TWIN TECH INDIA PVT LTD. R-51, 52, 53 & 37, UPSIDC, SIKANDRABAD (UP)",203205,SIKANDRABAD,,India,Unregistered,TRUE,Gujarat
SIRSA,SIRSA,THE HARYANA STATE COOPERATIVE SUPPLY AND MARKETING FEDERATION LTD. HAFED DIST SIRSA( HR),125055,SIRSA,,India,Unregistered,TRUE,Gujarat
SJ14,HOSAKOTE,RRL TRENDS HOSAKOTE 2 DCSY # 12&13 KATHA NO 119 OF EKKA RAJAPURA SULIBELE HOBLI HOSKOTE TALUKU BANGALORE RURAL DIST HOSAKOTE,562129,HOSAKOTE,,India,Unregistered,TRUE,Gujarat
SJ61,RRL SMART HUB BURDWAN,RELIANCE RETAIL LIMITED CENTRAL WAREHOUSE SADARGHAT ROAD DIST BURDWAN BURDWAN,713101,BURDWAN,,India,Unregistered,TRUE,Gujarat
SJ76,SMART HUB BIKANER RRL,"GODOWN NO. 1A, 1B, 1C, 2A, 2B, 2C & 3A, CENTRAL WAREHOUSE, OPP. GOVERNMENT ENGINEERING COLLEGE, KARNI INDUSTRIAL AREA PHASE- II, BIKANER",334004,BIKANER,,India,Unregistered,TRUE,Gujarat
SK3N,RRL TS HYD GO GREEN PL DC,"RELIANCE RETAIL LIMITED SRI. B RAGHAVA REDDY GODOWNS (GO GREEN) SURVEY NO 667, H-NO 14-61/1, CHAMBER - 2 KISTAPUR VILLAGE, MEDCHAL MANDAL TELANGANA",501401,MEDCHAL,,India,Unregistered,TRUE,Gujarat
SK43,RELIANCE RETAIL LTD FARIDABAD,"KHATONI NO. 12/2, 19/1, 19/2, 22 VILLAGE MAWAI 66 FT ROAD FARIDABAD HARYANA.",121002,FARIDABAD,,India,Unregistered,TRUE,Gujarat
SK6D,ACHYUT CORPORATION GUWAHATI,M/S ACHYUT CORPORATION AMINGAON HAJO ROAD GUWAHATI,781031,GUWAHATI,,India,Unregistered,TRUE,Gujarat
SK6F,"RRL CONSUMER BRAND RAJPURA, BJMS LOGISTICS PARK","BANUR TEPLA ROAD, VILLAGE KHERI GURNA TEHSIL RAJPURA, DISTRICT PATIALA",140417,RAJPURA,,India,Unregistered,TRUE,Gujarat
SK7F,CONSUMER BRAND HOWRAH,"DOMJUR ROAD, BEGRI . NEAR CHUNIR MATH . VILLAGE -SANKHARIDAHA HOWRAH",711411,HOWRAH,,India,Unregistered,TRUE,Gujarat
SK8M,RRL SMART HUB PILAKHWA RRL,SMART HUB PILAKHWA RRL RELIANCE RETAIL LIMITED BLOCK D KHASRA 376 RELIANCE ROAD BHOVAPUROPP JINDAL NAGAR PILKHUWA HAPUR,245304,PILKHUWA,,India,Unregistered,TRUE,Gujarat
SKAD,UJJAIN,UJJAIN INDORE NWCC 754 1 MIN 6 VILL UNDASA SHREE GEETA WH SHANKARPUR MADHAVPURA,456001,UJJAIN,,India,Unregistered,TRUE,Gujarat
SKDR,RRL AJIO BUSINESS,"DC NAGPUR, KALMESHWAR",440010,NAGPUR,,India,Unregistered,TRUE,Gujarat
SKDU,JHAJJAR,"RELIANCE RETAIL LIMITED, JHAJJAR REWARI RO, NH 71 NEW NH 352 CHAINAGE RD 401 370, VILLAGE GHIJAROD JHAJJAR",124103,JHAJJAR,,India,Unregistered,TRUE,Gujarat
SKDX,RRL 20 CUBE WAREHOUSING & DISTRIBUTION LTD INDORE,CORPORATE SECTOR PLOT NO 1 JRG LOGISTIC PARK DAKACHYA AB ROAD INDORE MADHYA PRADESH,453771,INDORE,,India,Unregistered,TRUE,Gujarat
SKFU,DIGITAL DC BHOPAL,BHOPAL,464993,BHOPAL,,India,Unregistered,TRUE,Gujarat
SKFY,SMART HUB SITAPURA RRL,"GODOWN NO. 5678, CENTRAL WAREHOUSE CORPORATION, PLOT NO: SP1 RIICO INDUSTRIAL AREA, JAIPUR, RAJASTHAN",302022,JAIPUR,,India,Unregistered,TRUE,Gujarat
SKHC,DHANBAD,"RELIANCE RETAIL LTD, NH2, GODOWN NO 3, GOVINDPUR ROAD DHANBAD",828109,DHANBAD,,India,Unregistered,TRUE,Gujarat
SKHR,CC JIVANNAGAR SIRSA,"SARKAR KINOOW PLANT, RIICCO INDUSTRIAL AREA, NEAR KISAN KANTA, SHRIGANGANAGAR, RAJASTHAN",335001,SHRIGANGANAGAR,,India,Unregistered,TRUE,Gujarat
SKML,SMART HUB MUNDKA,MUNDKA,110041,DELHI,,India,Unregistered,TRUE,Gujarat
SL07,"RRL, HOWRAH","RELIANCE RETAIL LIMITED, RRL HOWRAH SHADOW FAX DC, HOWRAH, WEST BENGAL",711302,HOWRAH,,India,Unregistered,TRUE,Gujarat
SL1L,RELIANCE RETAIL LTD TRENDS,"INDUSTRIAL PLOT, VILLAGE DADRI TOE, JHAJJAR, HARYANA",124103,JHAJJAR,,India,Unregistered,TRUE,Gujarat
SL1Q,PGB NORTH-UP-SIKANDRABAD,"DAMCO INDIA PVT LTD, VRY LOGISTICS PARK, SIKANDRABAD, DEHAT NEAR SIRONDHAN, MOD SIKANDRABAD, BULANDSHAR, UTTAR PRADESH",203205,SIKANDRABAD,,India,Unregistered,TRUE,Gujarat
SL24,STO CHHINDWARA,CHHINDWARA,480001,CHHINDWARA,,India,Unregistered,TRUE,Gujarat
SL43,BURHANPUR,CENTRAL WAREHOUSE GODOWN NO 1 BHADURPUR ROAD,450331,BURHANPUR,,India,Unregistered,TRUE,Gujarat
SL47,SMART HUB AURANGABAD RRL,"RELIANCE RETAIL LIMITED CENTRAL WAREHOUSE PLOT NO 91 MIDC AREA CHIKALTHANA, AURANGABAD",431003,AURANGABAD,,India,Unregistered,TRUE,Gujarat
SL4C,DISTRIBUTION CENTRE; INDOSPACE INDUSTRIAL PARK,"BUILDING NO. B-700, PLOT NO. D-223/4, CHAKAN MIDC PHASE- II, VILLAGE - BHAMBOLI, PUNE RURAL (MAHARASHTRA)",410501,PUNE,,India,Unregistered,TRUE,Gujarat
SL54,GWALIOR,"PLOT NO 72 & 73, GOSPURA INDUSTRIAL AREA, BEHIND CIMMCO STEEL FOUNDRY GOLE KA MANDIR BIRLA NAGAR, GWALIOR",474004,GWALIOR,,India,Unregistered,TRUE,Gujarat
SL55,MANDSAUR,"RUCHI WAREHOUSE VILL. AJIJKHEDI NEAR MPT HIGHWAY MHOW NEEMUCH ROAD, MANDSAUR",458001,MANDSAUR,,India,Unregistered,TRUE,Gujarat
SL61,JABALPUR,SMART FC JABALPUR KATANGI BY PASS ROAD JABALPUR,482002,JABALPUR,,India,Unregistered,TRUE,Gujarat
SL75,SMART FC NARSINGHPUR,"KRISHI UPAJ MANDI CAMPUS, CWC NARSINGHPUR, MP",487001,NARSINGHPUR,,India,Unregistered,TRUE,Gujarat
SL9I,RELIANCE RETAIL LTD VILLAGE,RELIANCE RETAIL LIMITED VILLAGE DUGRI HADBAST 220 TEHSIL PAYAL NEAR TIBBE WALA PULL,143526,LUDHIANA,,India,Unregistered,TRUE,Gujarat
SL9T,RRL SULTANPUR TRENDS DC,"INDUSTRIAL PLOT N1 STREET NIMANA SECTOR 5 TEHSIL BADLI, DISTT. JHAJJAR HARYANA",124103,JHAJJAR,,India,Unregistered,TRUE,Gujarat
SLA8,RRL-TRENDS DC-NAGPUR,"MAYUR LOGISTICS PARK KALMESHWAR ROAD, NIMJI MAUZA- NIMJI, NAGPUR",441501,NAGPUR,,India,Unregistered,TRUE,Gujarat
SLAD,SMART HUB AMRAVATI RRL,CENTRAL WAREHOUSING CORPORATION WARD NO 21 AMRAVATI,444601,AMRAVATI,,India,Unregistered,TRUE,Gujarat
SLAH,SMART HUB JODHPUR RRL,"CENTRAL WAREHOUSE, KHASRA NO 51/4 51/5 SALAWAS JODHPUR RD, TANAWARA, JODHPUR",342013,JODHPUR,,India,Unregistered,TRUE,Gujarat
SLAJ,"RRL, NANDED","RELIANCE RETAIL LIMITED CENTRAL WARE HOUSE CORPORATION BLOCK 178, BHAYGAON ROAD TUPPA NANDED",431603,NANDED,,India,Unregistered,TRUE,Gujarat
SLBO,RUCHI INFRASTRUCTURE LTD,"KHASRA NO 75 TO 79 AND 161168& 173, VILLAGE SARISTAL, SATNA PANNA ROAD SATNA (M.P.)",485441,SATNA,,India,Unregistered,TRUE,Gujarat
SLC2,SMART HUB DHAR,VILLAGE UTAWAD,454001,PITHAMPUR,,India,Unregistered,TRUE,Gujarat
SLCS,RRL MH NAGPUR SWC PL DC,"RELIANCE RETAIL LIMITED, SARDA WAREHOUSING PLOT NO 4 KH, NO 18/4/A P.H NO 24 TH.KAMPTEE, DIST-NAGPUR MAHARASHTRA, NAGPUR",441001,NAGPUR,,India,Unregistered,TRUE,Gujarat
SLDN,SMART HUB SATARA RRL,"RELIANCE RETAIL LTD, MSWC PLOT NO -4 SATARA NEW MIDC, SATARA, MAHARASHTRA",415004,SATARA,,India,Unregistered,TRUE,Gujarat
SLE9,BADLI,BUILDING NO B 1100 INDOSPACE INDUSTRIAL PARK PVT LTD BADLI VLG PAHASOUR FAIZABAD,124105,BADLI,,India,Unregistered,TRUE,Gujarat
SLEB,RRL MH NAGPUR OCLP6 GROCERY DC,RELIANCE RETAIL LIMITED C/O UNIT NO-6 OCLP KHASARA NO 17 PATWARI HALKA-72 MOUZA SHIVMADKA MOUZA KOTEWADA TAHSIL-HINGNA NAGPUR,441122,NAGPUR,,India,Unregistered,TRUE,Gujarat
SLEI,"SMART HUB KOTA, RRL","CWC WAREHOUSE, ROAD NO. 1, INDRAPRASTH IND. AREA, NEAR DAKANIA RAILWAY STATION, KOTA",324005,KOTA,,India,Unregistered,TRUE,Gujarat
SLEW,"RELIANCE RETAIL LTD, RAIPUR",KHASRA NO 681/1 684/1 684/2 684/3 684/4 684/5 684/6 684/7 & 687/2 PH NO 23 NEAR FLYOVER RING ROAD NO 3 VLG TEKARI RAIPUR,493111,RAIPUR,,India,Unregistered,TRUE,Gujarat
SLGC,RRL CDIT PUNE INTERIM DC,"RELIANCE RETAIL LIMITED, MH-DC-PUN-019, SANGHAR WAREHOUSING SURVEY NO 27, SITUATED AT VILLAGE LONIKAND, TAL HAVELI DIST, PUNE",412216,PUNE,,India,Unregistered,TRUE,Gujarat
SLHA,SMART HUB JHANSI FCPL,SMART HUB JHANSI FCPL,284001,JHANSI,,India,Unregistered,TRUE,Gujarat
SLHD,NANDURBAR,NANDURBAR,425412,NANDURBAR,,India,Unregistered,TRUE,Gujarat
SLJ1,KOLHAPUR,"GATE NO323, 324 AMBAP CROSSING WATHAR TURF VADGAON PUNE BANGLORE HIGHWAY",416012,KOLHAPUR,,India,Unregistered,TRUE,Gujarat
SLJ2,RRL RAJPURA,"PRAGATI WAREHOUSE LLP BANUR SHAMBHU ROAD VILL- RAJGARH, DIST. RAJPURA PATIALA, PUNJAB",140401,RAJPURA,,India,Unregistered,TRUE,Gujarat
SLJR,STO MIRAJ,"RELIANCE RETAIL LTD. CWC MIRAJ P-8, BLOCK-C CENTRAL WAREHOUSING CORPORATION, MIRAJ. MAHARASHTRA",416410,MIRAJ,,India,Unregistered,TRUE,Gujarat
SLLL,HINGANGHAT,"SURVEY NO 119 54/1 GODOWN NO 4 & 5 BORGAON, NANDGAON, TAH, HINGANGHAT, HINGANGHAT, MAHARASHTRA",442301,HINGANGHAT,,India,Unregistered,TRUE,Gujarat
SLLM,RRL DIGITAL CDIT SILIGURI DC,MOUZA BINNAGURI PO BHAKTINAGAR NEAR CANNEL ROAD SAHUDANGI,735135,SILIGURI,,India,Unregistered,TRUE,Gujarat
SLLR,SAHARANPUR,"CWC, SAHARANPUR",247001,SAHARANPUR,,India,Unregistered,TRUE,Gujarat
SLLT,RELIANCE RETAIL LTD PATNA,RAM KRIPAL SINGH CAMPUS BASTHAR SABALPUR PATNA-800009,800009,PATNA,,India,Unregistered,TRUE,Gujarat
SLM2,QWIK SUPPLY CHAIN PVT LTD,"QWIK SUPPLY CHAIN PVT LTD. GATI REALTORS P L, S NO 471TO476, MOUZA KHUMARI PSK12, KHASRANO41-43, MOUZA KOKARDA KHUMARI, KAMLESHWAR NAGPUR, MAHARASHTRA(27)",441502,NAGPUR,,India,Unregistered,TRUE,Gujarat
SLM3,INDORE HUB,"DISTRIBUTION CENTRE SHRI VINAYAK LOGISTICS SY NO 135/1136/1141/1/1 & 142/1/2 AB RD VILLAGE BARODA ARJUN TEHSIL SANWER INDORE, MADHYA PRADESH",453771,INDORE,,India,Unregistered,TRUE,Gujarat
SLM4,UNITY LOGISTICS PARK,UNITY LOGISTICS PARK NEAR KATANGI BYPASS JABALPUR MP,482002,JABALPUR,,India,Unregistered,TRUE,Gujarat
SLNC,SMART HUB JALNA RRL,"RELIANCE RETAIL LIMITED BAGDIYA WAREHOUSE GATE NO -14, VILLAGE-DEVMURTI TALUKA & DISTRICT - JALNA",431203,JALNA,,India,Unregistered,TRUE,Gujarat
SLOR,RRL DEHRADUN KUAWALA DIGITAL DC,KHASARA235 KHASARA NO 235 CH OPP TITAN I RELIANCE RETAIL LTD CO KANDARP TRADELINK KAUAWALA HARIDWAR ROAD DEHRADUN DEHRADUN UTTARANCHAL,248001,DEHRADUN,,India,Unregistered,TRUE,Gujarat
SLPB,SMART HUB NEEMUCH,"RRL SURVEY NO. 711, 712, 713/1/2/3 & 37, 38 VILL SEMLI CHOUDHRY & JAMUNIYAKALAN MHOW-NEEMUCH ROAD DIST NEEMUCH",458441,NEEMUCH,,India,Unregistered,TRUE,Gujarat
SLQW,DHULE,"PLOT F-1, RELIANCE RETAIL & PROPERTY LIMITED, PLOT NO F-1, MIDC ADDITIONAL INDUSTRIAL AREA, AVDHAN, DHULE, MAHARASHTRA",424006,DHULE,,India,Unregistered,TRUE,Gujarat
SLR2,RELIANCE BRANDS LTD - MOTHERCARE,"SWARA BABY PRODUCTS PVT LTD, PLOT NO 598 599 SECTOR 3, INDUSTRIAL AREA PITHAMPUR, DHAR",454775,PITHAMPUR,,India,Unregistered,TRUE,Gujarat
SLSO,"AKOLA , MAHARASHTRA","WH BEARING NO 1A1B 2A 2B 3C, SURVEY NO 59 1B, GRAMPANCHAYAT, HOUSE NO. 706, MOUZA RIDHORA, TEHSIL BALAPUR, AKOLA, MAHARASHTRA",444302,AKOLA,,India,Unregistered,TRUE,Gujarat
SLTM,RRL VF JPR CHOMU PL DC,RELIANCE RETAIL LIMITED SHREE SHYAM LOGISTICSSURVEY NO 685/2 690/2 690/2 686/1 688/1 VILLAGE HATHNODA TEHSIL CHOMU DIST JAIPUR JAIPUR,303702,CHOMU,,India,Unregistered,TRUE,Gujarat
SLTO,RRL DC BUILDING NO B 1000 INDOSPACE,"""INDUSTRIAL, JHAJJAR BADLI ROADPAHASOUR"" FAIZABAD PO BADLI BADLI JHAJJAR",124105,JHAJJAR,,India,Unregistered,TRUE,Gujarat
SLUI,RRL VF KHARGONE PL DC,"RELIANCE RETAIL LIMITED, MEWARA AGRO SERVICES KHASRA NO 208/3/2, VILLAGE KHALBUJURG TEHSIL, KHASRAWAD DIST KHARGONE, KHARGONE",451660,KHARGONE,,India,Unregistered,TRUE,Gujarat
SLW5,"RRL, KULANA PATAUDA","RELIANCE RETAIL LIMITED, RRL VF HR KULANA PL DC, VILLAGE KULANA PATAUDA",124108,JHAJJAR,,India,Unregistered,TRUE,Gujarat
SLX2,SMART HUB SAGAR,"MADHYA PRADESH-RRL SY NO 21, 22, 23 SAGAR",470002,SAGAR,,India,Unregistered,TRUE,Gujarat
SLX9,TO RRL MP ASHTA JLCH WH PL DC,"JEETMAL LAXMI CHAND WH KHASRA NO 128, BHOPAL ROAD INDORE BHOPAL HIGHWAY, JATAKHEDA JOD DIST SEHORE",466116,SEHORE,,India,Unregistered,TRUE,Gujarat
SM1B,RRL-CDIT-JAMMU-INTERIM,PHASE 2 SIDCO INDUSTRIAL COMPLEX BARI BARAHMANA,180010,JAMMU,,India,Unregistered,TRUE,Gujarat
SN9J,RELIANCE RETAIL LTD MUNDKA,"PLOT NO. 62/4/1, 62/3 NETAJI SUBHASH VIHAR, TIKRI KALA, ROTHAK ROAD, MUNDKA, NARELA ZONE, NEW DELHI",110041,DELHI,,India,Unregistered,TRUE,Gujarat
SN9O,RRL VF WB HWH ISLAMPUR PCS,RELIANCE RETAIL LIMITED AAPB PROPERTIES LLP AMTA IND PARK 2 MOUZA & VILLAGE ISLAMPUR PO ISLAMPUR P S JAGATBALLAVPUR JL NO 76 HOWRAH HOWRAH,711401,HOWRAH,,India,Unregistered,TRUE,Gujarat
SQ1N,RRL VF UP PAKHANA PL DC,SUSHIL KUMAR GODOWNGD NO 04 KHEWAT NO 323 KHATAUNI NO 380 VILLAGE PAKHANA TEHSIL NILOKHER,132116,NILOKHERI,,India,Unregistered,TRUE,Gujarat
ST4S,RELIANCE CONSUMER PRODUCTS LTD VILLAGE KULANA,"PATAUDA, HR",124108,JHAJJAR,,India,Unregistered,TRUE,Gujarat
STEELCO,FOOTCARE,"C-32 SITE C UPSIDC INDUSTRIAL AREA, SIKANDRA, AGRA",282007,AGRA,,India,Unregistered,TRUE,Gujarat
SU90,RRL JAIPUR,JAIPUR,302001,JAIPUR,,India,Unregistered,TRUE,Gujarat
SUTT,"BUILDING NO. B400, INDOSPACE","BUILDING NO. B400, INDOSPACE PHASE 2, KUNNAVAKKAM, WALAJABAD BLOCK, KANCHIPURAM CHENNAI",631604,CHENNAI,,India,Unregistered,TRUE,Gujarat
SV9W,JAI BHAGWAN COMPLEX,"JAI BHAGWAN COMPLEX, WAREHOUSE NO.D-1, PREMISES 456, VAHULI VILLAGE BHIWANDI DIST THANE-",421302,BHIWANDI,,India,Unregistered,TRUE,Gujarat
SXKK,"CDIT DC, CARRYFAST LOGISTICS PVT LTD, RAIPUR","RELIANCE RETAIL LIMITED V S LOGISTICS PARK, NEAR RING ROAD NO.3, VILLAGE-TULSI, BARADERA AREA, RAIPUR, CHHATTISGARH",492101,RAIPUR,,India,Unregistered,TRUE,Gujarat
SZBE,RRL VF RJ JP GEETA PL DC,"GEETA COLD STORE B112 A, ROAD NO 9 VKI JAIPUR",302013,JAIPUR,,India,Unregistered,TRUE,Gujarat
SZBL,QWIK SUPPLY CHAIN PVT LTD,"SZBL PORTICO DC JHAJJAR, QWIK SUPPLY CHAIN PRIVATE LTD, REWARI ROAD NH 71 NEW NH 352 CHAINAGE RD 401 370, VILLAGE GHIJAROD, RAIPUR, JHAJJAR",124103,JHAJJAR,,India,Unregistered,TRUE,Gujarat
T0RJ,METRO PIPLIYA KUMHAR INDORE,"NEAR NIRANJANPUR CIRCLE, DEWAS NAKA VILLAGE PIPLIYA KUMHAR, INDORE, MADHYA PRADESH",452010,INDORE,,India,Unregistered,TRUE,Gujarat
T2E4,METRO CASH & CARRY INDIA PVT LTD (RELIANCE RETAIL,"KHEWAT NO. 3, KHATAUNI NO 6, VILL BIR BAHADURGARH",147021,PATIALA,,India,Unregistered,TRUE,Gujarat
T2IU,BHOPAL,"ASHIMA MALL, NARMADAPURAM RD, DANISH NAGAR, BAWARIA KALAN, BHOPAL, MADHYA PRADESH",462026,BHOPAL,,India,Unregistered,TRUE,Gujarat
T2KH,STORE JAIPUR SITAPURA,"GODWON 5, 6, 7, 8, PLOT NO SP1, CWC RIICO IND AREA, SITAPURA II",302022,JAIPUR,,India,Unregistered,TRUE,Gujarat
T2OS,M/S SHRI VINAYAK INDUSTRIES,"INFRONT OF RIICO INDUSTRIAL AREA, GRAM GOHANA BEAWAR, RAJASTHAN",305901,BEAWAR,,India,Unregistered,TRUE,Gujarat
T2OW,STORE KOTA,"GODOWN 1A, 1B, 1C CENTRAL WAREHOUSE, NR DAKNIA RAILWAY STATION KOTA II, KOTA, LADPURA(RAJASTHAN)",324005,KOTA,,India,Unregistered,TRUE,Gujarat
T2OX,SMART HUB UDAIPUR RRL,"CENTRAL WAREHOUSE, GODOWN NO 1A 1B &3, OPP FCI DEPOT UDAIPUR DEPOT",313001,UDAIPUR,,India,Unregistered,TRUE,Gujarat
T2QC,CWC,"CWC GODAWOON WARD NO.21, RAMPURI CAMP, VILAS NAGAR ROAD, AMRAVATI",444604,AMRAVATI,,India,Unregistered,TRUE,Gujarat
T2QD,AURANGABAD METRO CASH & CARRY INDIA PVT LTD (RELIA,"PLOT NO 91, CHIKHALTHANA MIDC AURANGABAD",431210,AURANGABAD,,India,Unregistered,TRUE,Gujarat
T2QI,STORE NANDURBAR,"RAMDEVJI WAREHOUSE PALASHI, GHULI GAON, NANDURBAR",425412,NANDURBAR,,India,Unregistered,TRUE,Gujarat
T2RB,BAREILLY METRO CASH & CARRY INDIA PVT LTD (RELIANC,"FARIDPUR- BUKHARA ROAD, NEAR ITBP CAMP BAREILLY-",243001,BAREILY,,India,Unregistered,TRUE,Gujarat
T2TD,STORE NAGPUR,"PSK12 GRAM PNCHYT KHUMARI TAL KAMLESHWAR, KALAMESHWAR(MAHARASHTRA)-441502",441502,KALAMESHWAR,,India,Unregistered,TRUE,Gujarat
T2XD,RJ.BHILWARA,"PLOT NO- B-1, HAMIRGARH ROAD, BHILWARA",311001,BHILWARA,,India,Unregistered,TRUE,Gujarat
T3DM,METRO CASH & CARRY STORE SONIPAT,CITY MALL TARANA ROAD NEAR BUS STAND SONIPAT HARYANA,131001,SONIPAT,,India,Unregistered,TRUE,Gujarat
T3DR,METRO CASH & CARRY INDIA PVT.LTD,"PLOT NO.1/1 SSGT ROAD, GHAZIABAD -201009 UTTAR PRADESH",201009,GHAZIABAD,,India,Unregistered,TRUE,Gujarat
T5GJ,"RELIANCE RETAIL, OPPOSITE COMMANDO",COMPLEX. BAHADARGARH PATIALA.,147021,PATIALA,,India,Unregistered,TRUE,Gujarat
T5JG,STORE LUDHIANA DUGRI,"KHEWAT KHATONI NO. 88/91, VILLAGE DUGRI, HADBAST NO. 220, TEHSIL PAYAL, DISTRICT, LUDHIANA",141002,LUDHIANA,,India,Unregistered,TRUE,Gujarat
T5LA,RRL KOTA,GODOWN 1A 1B 1C CENTRAL WAREHOUSE INDRAPRASTHA MD AREA NR. DAKNIA RAILWAY STATION KOTA,324005,KOTA,,India,Unregistered,TRUE,Gujarat
T5MD,STORE AKOLA BALAPUR,"WH NO 1A 1B 2A 2B 3C ON G AND MIDDLE FL, MOUZA RIDHORA TEHSIL BALASPUR, SURVEY 59 1B GRAM PANCHYT HOUSE NO 706, BALAPUR, AKOLA, MAHARASHTRA, 444302",444302,AKOLA,,India,Unregistered,TRUE,Gujarat
T5ML,STORE SAHARANPUR,"3 A B D CENTRAL WAREHOUSE JANTA ROAD, SAHARANPUR UTTAR PRADESH",247001,SAHARANPUR,,India,Unregistered,TRUE,Gujarat
T5NE,"STORE NAGPUR,RELIANCE RETAIL LTD","SURVEY NO 41 42 1 42 2AND43 VILL KAKROD, S NO 471 1 472 473 474 474 476 MOHPA, PSK12 GRAM PNCHYT KHUMARI TAL KAMLESHWAR NAGPUR- MAHARASHTRA",441502,NAGPUR,,India,Unregistered,TRUE,Gujarat
T5OB,JODHPUR BASNI,"PLOT NO B8 C9 AND 10 A, INDUSTRIAL AREA PHASE 1, BASNI, JODHPUR RAJASTHAN",342005,JODHPUR,,India,Unregistered,TRUE,Gujarat
T5OO,RELIANCE RETAIL LTD KHASRA NO- 1234/3/1,NEAR BAPU ASHARAM RAJOKARI VILLAGENEW DELHI-110038,110038,DELHI,,India,Unregistered,TRUE,Gujarat
T88Q,NAUPADA,"BLDG NR MAA DAKHINA KALI TEMPLE PLOT 1254 KHATA NO 678/85 STITIBANBODEN CHOWK KHARIAR UNIT 1 NAUPADA, KHARIAR",766107,THANE,,India,Unregistered,TRUE,Gujarat
T8WP,"RRL CENTRO-PUNE-MSM PARANJAPE,RELIANCE RETAIL LIMI","CENTRO MSM PARANJAPE MALL, CTS NO 25/20 PLOT 25-C OFF KARVE ROAD, NEAR MES COLLAGE PUNE PUNE",411004,PUNE,,India,Unregistered,TRUE,Gujarat
TAL8,"RRL RAIPUR VF DC VS,","RRL RAIPUR VF DC VS, RRL VF DC KHASRA NO 684/1 TO 684/7, NEAR FLYOVER RING RD N3 RAIPUR, RAIPUR(CHHATTISGARH)-493111",493111,RAIPUR,,India,Unregistered,TRUE,Gujarat
TB32,RRL PUNE WAGHOLI CPC,RELIANCE RETAIL LIMITED GATE NO.511 KATKEWADI VILLAGE-WAGHOLI TALUKA - HAVELI PUNE,412207,PUNE,,India,Unregistered,TRUE,Gujarat
TB35,"RRL BAMNOLI, DELHI",NA,110033,DELHI,,India,Unregistered,TRUE,Gujarat
TNB1,STORE AMRITSAR,"AJNALA ROAD, MIRAKOT E-GROCERY FC AJNALA ROAD",143001,AMRITSAR,,India,Unregistered,TRUE,Gujarat
TNB6,SMART SUZUKI COLONY,BHILWARA,311001,BHILWARA,,India,Unregistered,TRUE,Gujarat
TNJ5,RRL SMART SAKINAKA HUB SPACE,SAKINAKA,400072,MUMBAI,,India,Unregistered,TRUE,Gujarat
TUMKUR,DJ BROTHERS,"INDIA FOOD PARK, PLOT NO.33. VASANTHANARSAPURA, KIADB INDUSTRIAL AREA PHASE LLL, KORA HOBLI, TUMKUR TALUK, TUMKUR DISTRICT",572138,TUMKUR,,India,Unregistered,TRUE,Gujarat
TXIX,RRL,NOIDA GAUTHAM BUDDHA NAGAR UTTAR PRADESH,201301,NOIDA,,India,Unregistered,TRUE,Gujarat
UDRI,AMAZON SELLER UDAIPUR,"PLOT NO. A-11, MEWAR INDUSTRIAL AREA, MADRI, UDAIPUR, RAJASTHAN 313001",313001,UDAIPUR,,India,Unregistered,TRUE,Gujarat
UJJAIN,MANGALMURTHI,MANGALMURTHI WAREHOUSE VILLAGE UNDASA TARANA ROAD UJJAIN,456006,UJJAIN,,India,Unregistered,TRUE,Gujarat
V012,RRL DIGITAL KURKUMBH,"NDC-2, D1 KURKUMBH MIDC INDUSTRIAL PUNE SOLAPUR HIGHWAY, KURKUMBH",413802,KURKUMBH,,India,Unregistered,TRUE,Gujarat
V027,A.R. ENTERPRISESE,"74, SITE-C UPSIDC INDUSTRIAL AREA SIKANDRA AGRA UTTAR PRADESH",282007,AGRA,,India,Unregistered,TRUE,Gujarat
V1JU,RRL SUPER RP BAGH,RRL SUPER RP BAGH - VS NEW DELHI,110033,DELHI,,India,Unregistered,TRUE,Gujarat
VASHI MKT,"RRL, TURBHE, VASHI","APMC. FRUITS MARKET, SECTOR-19, TURBHE, VASHI",400705,NAVI MUMBAI,,India,Unregistered,TRUE,Gujarat
VIDEOTEX,VIDEOTEX INTERNATIONAL PVT LTD,"347-C, UDYOG KENDRA-II, ECOTECH-III, G.NOIDA, U.P",201306,NOIDA,,India,Unregistered,TRUE,Gujarat
VIJAY LUDH,VIJAY VALLABH HOSIERY FACTORY,B-XXIV-3442/2H GALI NO-6 MAHAVIR JAIN COLONY SUNDER NAGAR LUDHIANA PUNJAB,141007,LUDHIANA,,India,Unregistered,TRUE,Gujarat
VLCK,RELIANCE RETAIL LTD HARIDWAR FC,"RELIANCE RETAIL LIMITED HARIDWAR FC KHASRA NO. 1828 - 1830 NEAR PRINCE PIPE GATE -4, DENSO CHOWK, BAHADRABAD SALEMPUR MEHDOOD IP-II HARIDWAR, UTTARAKHAND",249402,HARIDWAR,,India,Unregistered,TRUE,Gujarat
VV9A,RRL VF MP KHAMKHEDA GROCERY DC,"RRL VLG KHAMKHEDA GOHARGANJ RAISEN, HUZUR(MADHYA PRADESH)",462046,HUZUR,,India,Unregistered,TRUE,Gujarat
VX9C,AMBALA,"RELIANCE RETAIL 616/794, VILLAGE MOHRA, HADBAST NO. 188 AMBALA",133004,AMBALA,,India,Unregistered,TRUE,Gujarat
WALUJ,RRL AURANGABAD,RELIANCE RETAIL LIMITED GUT NO 49 OPP GARWARE HYTECH FILLING AT NAIGAON POST WALUJ TAL GAANGAPUR DIST AURANGABAD PUNE NAGAR HIGHWAY,431133,AURANGABAD,,India,Unregistered,TRUE,Gujarat
Y126,"RELIANCE RETAIL LTD, RFL PANVEL","DRY WAREHOUSE C/O. SAASTHA WAREHOUSING LIMITED AT BHINGAR POST : AJIWALI, TAL. PANVEL, MAHARASHTRA",410206,PANVEL,,India,Unregistered,TRUE,Gujarat
Y344,LOGISTICS PARK (INDIA) PVT. LTD,LOGISTICS PARK (INDIA) PVT. LTD VILLAGE - NIMJI DIST - NAGPUR TALUKA - KALMESHWAR,441501,NAGPUR,,India,Unregistered,TRUE,Gujarat
Y456,M/S JOLLY ICE AND COLD STORAGE DELHI,RRL COLD STORAGE C/O M/S JOLLY ICE & COLD STORAGE,110035,DELHI,,India,Unregistered,TRUE,Gujarat
Y481,PCS RAI,"PLOT NO 401, PHASE V, FOOD PARK, HSIIDC INDUSTRIAL ESTATE RAI, OPP YAKULT MILK DAIRY",131029,SONIPAT,,India,Unregistered,TRUE,Gujarat
Y726,DC PATAUDI,"TAJNAGAR ROAD, JAMALPUR CHOWK",123502,GURUGRAM,,India,Unregistered,TRUE,Gujarat
Y734,DC,"19/8 MILESTONE, SAAD WAREHOUSE, VILLAGE CHHAN",462047,BHOPAL,,India,Unregistered,TRUE,Gujarat
YAVATMAL,YAVATMAL,"PT NO C 162 C-ZONE YAVATMAL, MIDC MOUZA LOHARA",445001,YAVATMAL,,India,Unregistered,TRUE,Gujarat
YPA2,RRL HYDERABAD,"RELIANCE RETAIL LTD PUDUR VILLAGE, R.R DIST, MEDCHAL MANDAL, HYDERABAD, TELANGANA",501401,HYDERABAD,,India,Unregistered,TRUE,Gujarat
ZYD0,ZYD0 RELIANCE RETAIL LTD,8 PLOT NO TC 58 59V ELDECO CORPORATE CHAMBER 2 HASE VIBHUTI KHAND GOMTI NAGAR LUCKNOW,226010,LUCKNOW,,India,Unregistered,TRUE,Gujarat
ZYD1,RRL HARIDWAR,KHATA NO 443KA/446/452/447 GHA NIRANJANPUR NIRANJANPUR GMS ROAD DEHRADUN,248001,HARIDWAR,,India,Unregistered,TRUE,Gujarat
ZYE2,SHIVANI DETERGENTS PVT. LTD,"UNIT-II, SECTOR-2, PITHAMPUR DIST. DHAR. MP",454775,INDORE,,India,Unregistered,TRUE,Gujarat
ZYE3,"JAIN FARM FRESH FOODS LTD,",GAT NO. 139/2 JAIN FOOD PARK JAIN VALLEY SHIRSOLI ROAD JALGAON MAHARASHTRA -,425001,JALGAON,,India,Unregistered,TRUE,Gujarat
