Address Title,Address Code,Address Line 1,City,Postal Code,Destination Address
AF_JD_FR_,"""plot No -23e To 25e, Road No 3 Diamon",Surat,SURAT,394230,TRUE
AF_WONDE,_201003_,"Khasra No. 824 Vardhman Puram, Morta Ghaziabad (u.p.) - 2010  Ghaziabad, UP 201003",GHAZIABAD,201003,TRUE
AF_PLAN_3,_AF_PLAN_382430_565,"Plantex, Plot No-5/a, Road No-1, Kathwada Gidc,  Ahmedabad, GJ 382430",AHMEDABAD,382430,TRUE
AF_RUHE,_AF_RUHE_382213_603,"Survey No. 606 (old Survey No. 1439) Rishi Kiran Logisitics  Moraiya  Ahmedabad, GJ 382213",AHMEDABAD,382213,TRUE
T2XD,_RJ.BHILWARA,"Plot no- B-1, Hamirgarh Road,Bhilwara",BHILWARA,311001,TRUE
OBXR,"01/a 1st Floor, Anz Infinitynear Ranipur Churchn, ","Ahmedabad, Gujarat 382405",AHMEDABAD,382405,TRUE
20 CUBE,20 CUBE WAREHOUSING & DISTR PVT LTD,"20 Cube Warehousing & Distribution Pvt. Ltd., Kh. No. 39/40/41-229/194-42,Deeppura sikar road, Hamada, jaipur-302013",JAIPUR ,302013,TRUE
KHEDA,20 Cube Warehousing and Distribution Pvt. Ltd.,"Shed “C1”Prime warehouse Survey no.691,National highway-8 Vill-hariyala",KHEDA,387120,TRUE
OAAI,23 Maharaja EstateBehind Anand Hotel,"Sarkhej Sanand RoadSar AHMEDABAD, GUJARAT 382210",AHMEDABAD,382210,TRUE
FIDA,370/2/1 near Bharat petrol pump,"Nemwar Road, INDORE, MADHYA PRADESH",INDORE,452003,TRUE
SMPR,"532, Nr. Maan Lake, Village","Ode, Nr. SP Ring Road,  Ahmedabad",AHMEDABAD,382423,TRUE
V027,A.R. ENTERPRISESE,"74, SITE-C UPSIDC INDUSTRIAL AREA SIKANDRA AGRA  Uttar Pradesh ",AGRA,282007,TRUE
60400209,AAKASH FOOD PRODUCTS PRIVATE L,"DEWANMARO AYMA,AAKASH FOO",Kharagpur,721304,TRUE
221964446,AB POLYMER,"A B POLYMERS, Khasra no. 76/14/1, mie-b,  Bahadurgarh, Haryana ",BAHADURGARH,124507,TRUE
BAHADURGAR,ABHAY FOOTWEAR PVT. LTD.,"KH NO. 76,OPP PLOT NO. 1535, MIE PART-B,  BAHADURGARH, HARYANA ",BAHADURGARH,124507,TRUE
32001157,Abhinav Craft,"F-2150/2151, RIICO INDUSTRIAL AREA RAMCHANDRAPURA, SITAPURA,",SITAPURA,302022,TRUE
11100895,ABSTRACT MANNEQUINS,"ABSTRACT MANNEQUINS PVT LTD.,PLOT NO 12 HEMLA INDUSTRIAL ESTATE, Faridabad :  HR,",FARIDABAD,121001,TRUE
ACME CLOTH,ACME CLOTHING LLP,"AARCEE NETTING PREMISES,  C/O ACME PVT LTD, NEAR YOGESWAR ESTATE AMRAIWADI ROAD, AHMEDABAD",AHMEDABAD,380026,TRUE
220835314,ACTION INTERNATIONAL PVT. LTD.,"D-5, UDYOG NAGAR, MAIN ROHTAK ROAD, NEW DELHI ",DELHI,110041,TRUE
FC-AHDABAD,ADARSH WAREHOUSE GODOWN,"RELIANCE RETAIL LIMITED [AHMEDABAD2 FC ADARSH WAREHOUSE GODOWN NO.3,4,5 AND 6(20,21),JAMNAGAR ESTATE BEHIND ALPHA HOTEL ASLALI AMD GJ ",AHMEDABAD,382427,TRUE
ADHESHWAR,ADHESHWAR TEXTILES,"JAI ADHESHWAR TEXTILES GROUND FLOOR 16 BBC, MARKET PANCHKUVA, KALUPUR, GUJARAT AHMEDABAD 380002 ",AHMEDABAD,380002,TRUE
ADPL,Adhya Design Pvt Ltd,Plot No 124 Sector 68 IMT Faridabad Haryana,FARIDABAD,121004,TRUE
AF_DAS_F_P,AF_DAS_F_PRANTIJ_215,"Block No 1234,salal-sonasan Road,sonasan Ta:- Prantij,sabark  Prantij, GJ 383210",Prantij,383210,TRUE
AF_MOTHE,AF_MOTHE_360311_902,"Behind Shemla Bus Stop, National Highway 27, Billiyala  Billiyala, GJ 360311",RAJKOT,360311,TRUE
AF_NIVEA S,"AF_NIVEA_382110_909 Sanand,","S.no.112/p, 113p, 124p, 125p, 132/p, Plot No. Sm-9/1,  Sanand, GJ 382110",SANAND,382110,TRUE
AF_PACIF,AF_PACIF_360004_795,"P-34,nr-tirth Agrotech & Krishna Park,gondal Road,village-ra  Rajkot, GJ 360004",RAJKOT,360004,TRUE
AF_PAN_I_1,AF_PAN_I_122050_961,"Plot No. 308 A, Sector 6, Imt Manesar, Manesar, Gurugram, Ha  Gurugram, HR 122050",GURUGRAM,122050,TRUE
AF_SAMAR,AF_SAMAR_382427_839,"Jayantibhai Dahyabhai, Amarnath Estate Naz Road, Ta, Daskroi  Jetalpur, GJ 382427",JETALPUR,382427,TRUE
AF_SECUR,AF_SECUR_382213_685,"""e-77,e-42, Moraiya  Ahmedabad, GJ 382213",AHMEDABAD,382213,TRUE
AGRA SINE,AGRA SINE FOOTWEAR,"39,40A, Shivam Vatika Mauja Miyapur,  Fatehabad Road, Agra",AGRA,282006,TRUE
EH_CONC,AHMEDABA_168,"Plot no 532, Behind meldi mata temple, Village - ODE Piplej - Pirana road , Nr SP ring road , Ahmedabad - 382427 Ahmedabad, GJ India 382427  Ahmedabad, GJ 382427",AHMEDABAD,382427,TRUE
AF_MERHA,"AHMEDABAD ,GJ","AF_MERHA_387411_602  Tci Supply Chain Solutions, Block No 656/b, Khata No 453, Bl  Ahmedabad, GJ ",AHMEDABAD,387411,TRUE
SC30,AJIO BAGRU DC,"JAIPUR LOGISTICS & WAREHOUSE, VILLAGE RAVAN, BAGRU",JAIPUR,303007,TRUE
SE02,AJIO Surat GJ JIT DC R,Reliance Retail Limited Stockstack logistic solutions pvt ltd Labdhi industrial park Mumbai Ahmedabad Highway NH48 Baleshwar Village  SURAT,SURAT,394317,TRUE
10187250,Akash Yog Health Products Pvt ltd,PLOT NO 03 SECTOR 1B IIE UTTARAKHAND SIDCUL HARIDWAR,HARIDWAR,249403,TRUE
PL-HARIDWA,AKASHYOG,Akashyog Health Products Private Limited,HARIDWAR,248401,TRUE
SLSO,"AKOLA , MAHARASHTRA","Wh Bearing No 1A1B 2A 2B 3C, Survey No 59 1B, Grampanchayat, House No. 706, Mouza Ridhora, Tehsil Balapur, AKOLA, Maharashtra ",AKOLA,444302,TRUE
10216942,Alok Industries,Silvassa,SILVASSA,396230,TRUE
30309438,Alok Industries Ltd,"Survey No 148 ,149,150,143/1, Morai, Valsad",VAPI,396191,TRUE
60400325,ALPHA MILKFOODS PRIVATE LIMITED,HATHRAS,HATHRAS,,TRUE
30850086,ALSTEN ENTERPRISES, PLOT NO. 848  & 849 MIE PART - A BAHADURGARH HARYANA ,BAHADURGARH,124507,TRUE
VX9C,AMBALA,"Reliance Retail  616/794, Village Mohra , Hadbast no. 188 Ambala",AMBALA,133004,TRUE
30108460,AMBER ENTERPRISES (INDIA) PVT LTD,"AMBER ENTERPRISES (INDIA) PVT LTD, P 14, STREET 1, SECTOR 3 MET INDUSTRIEAL COLOLNY, JHAJJAR GURGAON ROAD DISTT. JHAJJAR, JHAJJAR HARYANA INDIA",JHAJJAR,124103,TRUE
221781495,AMBER HOME,"E92/3, RAJHANS INDUSTRIES COMPOUND NEAR NILAM NAGAR BUS STOP, AKKALKOAT ROA SOLAPUR , MAHARASHTRA     ",SOLAPUR,413006,TRUE
60110803,AMITOJE INDIA PRIVATE LIMITED,NOIDA,NOIDA,,TRUE
33000001,Anmol knitters pvt ltd,"Bahadur Ke Road Near Dana Mandi, Ludhiana  ",LUDHIANA,141007,TRUE
Aroma De,Aroma De France,"BLOCK NO. 324, VILLAGE-RANU, TALUKA-PADRA, DISTRICT- VADODARA, Gujarat ",VADODARA,391445,TRUE
VAAF,ASF - Sindhubhavan,"Road, Oxygen Park, Sindhu Bhavan Marg, beside Monte Carlo, PRL Colony, Thaltej, Ahmedabad, Gujarat",AHMEDABAD,380058,TRUE
10156959,Ashirwad Oils Pvt Ltd,"E 374 Phase I, Industrial Area Bhiwadi , ALWAR Rajasthan",BHIWADI,301019,TRUE
221471205,ASHISH JAIN HOSIERY,"ASHISH JAIN HOSIERY B-24-3112, STREET NO 6-1/2, NEAR SIDHARTH PUBLIC SCHOOL, KULDEEP NAGAR, BASTI JODHEWAL, LUDHIANA, PUNJAB, LUDHIANA       ",LUDHIANA,141007,TRUE
10070498,Asian Lakto Industries Ltd,"VPO JANDIALI, NEAR KOHARA, CHANDIGHAD ROAD, LUDHIANA",LUDHIANA,141001,TRUE
SH92,"Aslali Warehouse, Located at Old Survey","Aslali Warehouse, Located at Old Survey No./Block No. 1389 and New Survey No/ Block No. 1461 of village Aslali, Taluka Daskroi District Ahmedabad",AHMEDABAD,382427,TRUE
AURANGABAD,AURANGABAD,"Central Warehousing Corporation, Plot No 91,Backside of United Spirits, Chikalthana MIDC Aurangabad ",AURANGABAD,431006,TRUE
221076934,Avana Overseas,"19/177, Peer Kalyani, Moti lal Nehru Road, Agra  ",AGRA,282003,TRUE
60400485,"B.B. INTERNATIONAL, KUTAIL",112 MILESTONE N.H. 1 G.T. ROAD VILL. KUTALI KARNAL HARYANA,KARNAL,,TRUE
SLE9,BADLI,Building No B 1100 Indospace Industrial park pvt ltd Badli vlg pahasour Faizabad,BADLI,124105,TRUE
30403131,BAHADURGARH,"SUPER KICKS, PLOT NO. 168, SECTOR 16, HSIIDC, BAHADURGARH , JAHAJJR, HARYANA ",BAHADURGARH,124507,TRUE
T2RB,Bareilly METRO CASH & CARRY INDIA PVT LTD (Relianc,"Faridpur- Bukhara Road, Near ITBP Camp Bareilly-",BAREILY,243001,TRUE
BB-AGORA,BB AGORA MALL AHMEDABAD,RING ROAD AHMEDABAD,AHMEDABAD,382424,TRUE
BB-ALPHA,BB ALPHA ONE AHMEDABAD,THALTEJ ROAD,AHMEDABAD,380059,TRUE
BB-INORBIT,BB-INORBIT VADODARA,GORWA ROAD,VADODARA,390023,TRUE
BB-EVAMALL,BB-MANJALPUR EVA MALL,VAJRADHAM MARG,VADODARA,390011,TRUE
BB-7 SEAS,BB-SEVEN SEAS MALL,SWARNIM GIJARAT RING ROAD,VADODARA,390002,TRUE
BB-TUMKUR,BB-TUMKUR,"(10252083)FUTURE CONSUMER LIMITED India Food Park Limited, Plot No-10-11, Vasanthanarshapura Ind. Area, KIADB phase-3,Kotra Hobli- Tumkur-572138",TUMKUR,572138,TRUE
216951356,Bella Casa Fashion & Retail Ltd,"E102-103 EPIP Sitapura Industrial Area,",JAIPUR,302022,TRUE
T2IU,BHOPAL,"Ashima Mall, Narmadapuram Rd, Danish Nagar, Bawaria Kalan, Bhopal, Madhya Pradesh ",BHOPAL,462026,TRUE
10129676,Bikanerval Foods Private Limited,"Bikanervala Foods Private Limited M MURAD GARHI, Yamuna Expressway  Industrial Development Area Noida UP UTTAR PRADESH",NOIDA,203209,TRUE
BIKANO,BIKANERVALA FOODS PRIVATE LIMITED,"PLOT NO-21, SECTOR-24, FARIDABAD, FARIDABAD HARYANA ",FARIDABAD,121001,TRUE
RAI,Bikanervala Foods Pvt. Ltd.,"HSIIDC Industrial Estate, Phase-II, Plot no-2272-2275, Rai Haryana",RAI,131029,TRUE
29000563,Bikanerwala Food Pvt Ltd,"Khasra No 1765,66,68,69,70,71,72,73,74,75, 1872, 1873/2 &1874/2, Village Jatola, Tehsil Kharkhauda, Kharkhoda, Sonipat, Haryana",SONIPAT,131 402,TRUE
BNG,BNG FASHION GEARS. PVT.LTD,"Plot No- 319,320, Sec-17, HSIIDC, Bahadurghar, HR ",BAHADURGARH,124507,TRUE
MISC-009,BOTAD,BOTAD,BOTAD,NA,TRUE
BHRT,BRIJ HONEY PRIVATE LIMITED,"VILLAGE TEHRA LODHA NH 11 AGRA HIGHWAY BHARATPUR,RAJASTHAN INDIA",BHARATPUR,321001,TRUE
SL43,Burhanpur,Central Warehouse Godown No 1 Bhadurpur Road,BURHANPUR,450331,TRUE
PL-BHILWAR,"Calvintex Ventures Private Limited, BHILWARA","Mandapiya Choaraha , Chittor Road,Near Janki Process , Bhilwara ",BHILWARA,311001,TRUE
PALGHAR,Canbara,"canbara ind pvt Ltd,Unit-3 1017/3, old satpati road, Shirgaon,palghar(w),dis-palghar-401404",PALGHAR,401404,TRUE
222084005,CAPITAL FOOTWEAR INDUSTRIES,"Capital Footwear Industries, Ganga Vihar Colony, Tajganj Agra UP ",AGRA,282001,TRUE
T5JK,Central Warehouse,"Kapadra Near GEB Office,Varanchha Road CWC Surat II,Surat City GUJARAT",SURAT,395006,TRUE
TBGR,"Centro Mall, Panchavati Rd","beside Kaivanna Complex, Panchavati Society, Ambawadi, Ahmedabad, Gujarat",AHMEDABAD,380006,TRUE
CHANDISAR,Chandisar – Palanpur,"VAISHNODEVI REFOILS & SOLVEX PLOT NO.235/3 VILLAGE - CHANDISAR TALUKA-PALANPUR, DIST-BANASKANTHA ",PALANPUR,385510,TRUE
217233490,Charan Paaduka,"Khasra. No. 86/25/1, G/F, Village Ghevra, Mundka",DELHI,110041,TRUE
SAJ4,CHEMCO PLASTIC INDUSTRIES PVT LTD," Plot No 32/33 Survey No 188/P,189/P Chemco Plastic Ind  Savli Industrie Alindra,Manjusar  Vadodara Gujarat",VADODARA,391775,TRUE
SANAND,Chemco Plastic Industries Pvt. Ltd," BOL INDUSTRIAL ESTATE PHASE II,  ,BOL INDUSTRIAL ESTATE PHASE II,  ,PLOT NO. PE 45, SANAND GIDC, ROAD NO. F/38, SANAND Ahmedabad Gujarat",AHMEDABAD,382170,TRUE
218249648,Chetak Plastics,"1501, Gokul Bala Gate, Magarwara,",UNNAO,209862,TRUE
32180697,CMT Arts,"PLOT NO. 39, SAI VILLA, MISSION COMPOUND, NEAR AJMER PULIA ,JAIPUR,  RAJASTHAN",JAIPUR,302001,TRUE
CONA FWEAR,"CONA FOOTWEAR INDIA PVT LTD,","C29/1 SITE-C UPSIDC SIKANDRA, AGRA ",AGRA,282007,TRUE
Y-710,CPC NARODA,"RELIANCE RETAIL LTD, GATE NO 5, GIDC NARODA, AHMEDABAD",AHMEDABAD,382330,TRUE
30304770,CREATIVE GARMENTS PVT LTD,"SURVEY/PLOT NO. 440/1,2,3, 443/1,2, 482/1,2,3 ,482/4&5 ( 1st,2nd FLR&EXCEPT 358.325 SQM.IN GR.FLR)482/2, NR.DABHELCHECK POST,DABHEL DAMAN & DNH",DAMAN & DIU (UT),396210,TRUE
DAMOH,DAMOH,DAMOH,DAMOH,470661,TRUE
30402832,DAZZLE FOOTWEAR,"Selaqui, Dehradun, SELAQUI",DEHRADUN,248197,TRUE
Y734,DC,"19/8 Milestone, Saad Warehouse, Village Chhan, ",BHOPAL,462047,TRUE
Y715,DC Jaipur,Vishwakarma Industrial Area,JAIPUR,,TRUE
Y726,DC Pataudi,"Tajnagar Road, Jamalpur Chowk,",GURUGRAM,123502,TRUE
DEEP,DEEP ENTERPRISES," PLOT NO 3278, G.F BLOCK-J, DSIDC NARELA INDUSTRIAL AREA, NEW DELHI",DELHI,110040,TRUE
10204267,Deep Green Incorporation,"B-267, Sector-3, Bawana Industrial Area, Bawana, Delhi",DELHI,110039,TRUE
32181081,DESIGN DESTINATION,"J-125, PARSHWANATH CITY, PAL SANAGRIYA BYE PASS, SANGARIYA, JODHPUR, RAJASTHAN,",JODHPUR,342013,TRUE
60400379,DEVARPAN FOODS PRIVATE LIMITED,KASHIPUR,KASHIPUR,244713,TRUE
AF_RABBY_R,Devpara Plot Charaniya Village Charaniya Taluka - ,"Rajkot, GJ 365480  ",RAJKOT,365480,TRUE
SKFU,DIGITAL DC BHOPAL,BHOPAL,BHOPAL,464993,TRUE
DIXON,Dixon Technologies,"C-3/1CENTRAL HOPE TOWN INDUSTRIAL AREA SELAQUI Dehradun, Uttaranchal    ",DEHRADUN,247670,TRUE
30108484,DIXON TECHNOLOGIES (INDIA) LIMITED,"Dixon Technologies, , C-3/1CENTRAL HOPE TOWN INDUSTRIAL AREA SELAQUI, Dehradun, Uttaranchal , 248197,",DEHRADUN,248197,TRUE
TUMKUR,DJ Brothers,"INDIA FOOD PARK, Plot No.33. Vasanthanarsapura,  KIADB Industrial Area Phase lll,Kora Hobli, Tumkur taluk, Tumkur District",TUMKUR,572138,TRUE
G-NOIDA,"ECOTECH-11, UDYOG VIHAR","PLOT NO.42(Khasra no6661-662) ECOTECH-11, UDYOG VIHAR, GREATER NOIDA,UP,Gautam Buddha nagar, uttar pradesh-",NOIDA,201306,TRUE
219768432,Elahi Footwear Concepts,"78/A, 125 Feet Road, Torah, Opp Nalanda Estate, Fatehabad Road",AGRA,282003,TRUE
32000828,"F 199, EPIP, SITAPURA, JAIPUR","F 199, EPIP, SITAPURA, JAIPUR (RAJ) INDIA",JAIPUR,302022,TRUE
SAMPAKA,F&L ECOMM SAMPAKA JIT CDC,QWIK SUPPLY CHAIN PRIVATE LIMITED Farukhnagar Gurgaon Village Sampaka,GURGAON,122503,TRUE
FFPP,FABLE FOOD PRODUCTS PRIVATE LIMITED,MEHSANA,MEHSANA,,TRUE
R465,FC GROCERY AHMEDABAD,NA,AHMEDABAD,380004,TRUE
S837,FC VADODARA,"OPP RELIANCE GUJARATI MEDIUM SCHOOL, PETROCHEMICALS TOWNSHIP, REFINERY ROAD  VILLAGE UNDHERA, SECTOR-1 PO PETROCHEMICALS TOWNSHIP, VADODARA",VADODARA,391345,TRUE
FERRO PL,FERRO SONA GARMENTS," PVT. LTD. RAHON ROAD, MANGAT ROAD, VILLAGE- KHAWAJKE, LUDHIANA- ",LUDHIANA,141007,TRUE
F1CG,"FF-KALYAN-SARVODAYA MALL , Reliance Retail Limited","SARVODAYA MALL , KALYAN SHILPHATA ROAD , NEAR PATRI POOL , KALYAN ",KALYAN,421301,TRUE
60400079,FICUS FOOD LAB PRIVATE LIMITED," PLOT NO. 228 BARODA JAMBUSAR HIGHWAY NEAR PADRA,   DABHASA, VADODARA VADODARA, Gujarat ",VADODARA,391440,TRUE
OEE5,Final plot no 21,"Revenue Survey no:530 AHMEDABAD, Gujarat",AHMEDABAD,382427,TRUE
FTFP,Fine Taste Foods Private Limited,"Plot No. 26/A, Ozone Industrial Park, Kerala G.I.D.C., Rajkot National Highway, Bavla, Ahmedabad, Gujarat-382220 (6359630406) Ahmedabad, Gujarat",AHMEDABAD,382220,TRUE
STEELCO,FOOTCARE,"C-32 SITE C UPSIDC INDUSTRIAL AREA, SIKANDRA, AGRA",AGRA,282007,TRUE
SD32,FRAO CDC RANCHI VILLAGE TETRI,"Address- CDC RANCHI VILLAGE TETRI FOOD L, Cdc Ranchi Village Tetri Bb F, Village Tetri  Thana Namkum, Ranchi, Jharkhand",RANCHI,834010,TRUE
AF_EASY__3,"G-40 ( Wing B), Raghuvir Celeum Market, Opp. Sangi","Surat, GJ 395010  ",SURAT,395010,TRUE
222349572,G.M HOSIERY,"G.M HOSIERY, TIRUPATI ESTATE,  292/1 PAIKI, USHA 5727/4, OPP. SWASTIC- BANSIDHAR,  NAROL ,AHMEDABAD, GUJARAT, INDIA",AHMEDABAD,382405,TRUE
220810938,Ganga Sales Corporation,"PLOT NO 107, KH NO 111/17, NEAR RAJENDRA LAKRA SCHOOL,  PHIRNI ROAD, INDUSTRIAL AREA, MUNDKA, NEW DELHI,  INDIA    ",DELHI,110041,TRUE
PL-KHAMBHA,Ghanshyam Rice Mill,"AT- Hariyan  Kanisha hariyan Road TA -Khambhat,",KHAMBHAT,388620,TRUE
KOLHAPUR2,GHODAWAT CONSUMER,"GAT NO 593, 594, 611 & 612 A/P CHIPRI, JAYSINGPUR 416101, 416101, KOLHAPUR Maharashtra",KOLHAPUR,416101,TRUE
KOLHAPUR,GHODAWAT CONSUMER LIMITED,"GHODAWAT CONSUMER LIMITED GAT NO-470/5/6/8, A/P-CHIPRI, TAL-SHIROL DIST-KOLHAPUR(MAHA) Kolhapur,Maharashtra",KOLHAPUR,416101,TRUE
HARIDWAR 2,GINNI FILAMENTS LTD.,"(Consumer Product Division) Plot No.-98, Sector-5, IIE, SIDCUL, HARIDWAR (U.K) ",HARIDWAR,249403,TRUE
Y710,GM DC,"Gate No 5, GIDC Naroda,",AHMEDABAD,382330,TRUE
GNNN,GNNN AMAZON SELLER-Gandhinagar,"Nr.sparsh Divine2,behindbalajivillabungalow,tp 44,chandkheda  Gandhinagar, Gujarat 382424",GANDHINAGAR,382424,TRUE
AF VADOD,"Godown no 3,4 vadodra","Godown no 3,4 vadodra bhiyala 391410",VADODARA,391410,TRUE
GR-INTERNA,GR INTERNATIONAL,"KHASRA NO.1410, MAUJA BAIPUR AGRA-MATHURA ROAD, SIKANDRA ",AGRA,282007,TRUE
R414,GURGAON 2 DRY DC,"Rect-47/Khasra-9/2-10/1-11/2-1-2/12/1-2/,Village Tajnagar Tehsil Farrukhnagar",GURGAON,,TRUE
SL54,GWALIOR,"PLOT NO 72 & 73, GOSPURA INDUSTRIAL AREA, BEHIND CIMMCO STEEL FOUNDRY GOLE KA MANDIR BIRLA NAGAR, GWALIOR",GWALIOR,474004,TRUE
AF_MERHA_4,"H1 Warehouse Sai Dhara Logistics Park, Mumbai Nasi","Mumbai, MH 421302  ",MUMBAI,421302,TRUE
HANUMANGAR,HANUMANGARH,"SB warehousing, Chak 7 HMH, Tibbi road, Hanumangarh Town ",HANUMANGARH,335513,TRUE
SD29,HAPUR,"village bhovapur, reliance road hapur",HAPUR,245101,TRUE
HALDIYA,HARRSHIV HEALTHY FOODS 7 MORE,"KH NO 100/5, VD DHARGAON, NAGPUR, 4",NAGPUR,,TRUE
600124,HERBAL CONCEPTS,"PLOT NO. 2,SECTOR 1A, INTEGRATED INDUSTRIAL ESTATE ,SIDCUL, 249403",HARIDWAR,249403,TRUE
60400242,HERSHEY INDIA PRIVATE LIMITED,BHOPAL,BHOPAL,,TRUE
10178928,HITKARI GRAM UDYOG SANGH,"VPO ISMAILLA 18 57 KM STONE DELHI ROHTAK ROAD ROHTAK ROHTAK, Haryana India ph",ROHTAK,124001,TRUE
2015004655,Hoshiarpur trends,"M.B. Towers, Court Rd, Krishna Nagar, Hoshiarpur, Punjab ",HOSHIARPUR,146001,TRUE
Haryana,INDO NISSIN FOODS PRIVATE LIMITED.,"91 KMS, NH-8, Delhi- Jaipur Road , Village Deodhai, Teshi Bawal. Dist: Rewari , Haryana",REWARI,123401,TRUE
PL- KHURDA,INDO NISSIN FOODS PVT LIMITED,"Plot No : A/2 , IDCO Food Processing Park , Khordha Industrial Estate , Khorda , Odisha ",KHURDA,752055,TRUE
10305529,INDOCHEM,"Indo Chem Laboratories ; A-2/2 Industrial Area, Gorwa, Vadodara, Gujarat India ; Mfg Lic No GC/1202 ",VADODARA,390016,TRUE
AF_KRISH_,INDORE,"Krishnendu Enterprises Add: C-2, Shukla Warehouse  Indore, MP 453555",INDORE,453555,TRUE
HAME,Indraprashtha Industrial logistics hub,"Kheda, GUJARAT 387570",KHEDA,387570,TRUE
COCA-COLA,INTERNATIONAL REFRESHMENTS PRIVATE LIMITED,B-400 ARMAN LOGISTICS PARK KERALA VILLAGE BAVLA AHMEDABAD,BAVLA,32220,TRUE
225540787,ITALICA INTERNATIONAL,"PLOT NO.28, SECTOR-17, HSIIDC, BAHADURGARH, HARYANA ",BAHADURGARH,124507,TRUE
221348336,J N SODAGAR HOSIERY,"B-5 583,575 AND 577,  WAIT GANJ, LUDHIANA PUNJAB, 141008 ",LUDHIANA,141008,TRUE
60400262,J R FOODS & BEVERAGES,NAVSARI,NAVSARI,,TRUE
32000837,Jain Shwetamber,"Moorti Kala Kendra, 1975, 4TH CROSSING KHANJANE WALON KA RASTA, CHANDPOL JAIPUR Rajasthan ",JAIPUR,302001,TRUE
20001741,Jainam Invamed Pvt. Ltd.,"111/112, Shubh Industrial Estate, Near Chinchpada Bus Stop, Waliv Road, Vasai East – 401208, Palghar, Maharashtra, ",PALGHAR,103230,TRUE
JDPL,JAIPUR DESIGNS,"JAIPUR DESIGNS PVT LTD H-11, RIICO INDUSTRIAL AREA MANSAROVER ",JAIPUR,302020,TRUE
PL-GO'GARH,"JALLAN FOOD PRODUCTS, GOVINDGARH","KHASRA NO. 1566/2, VILLAGE DHOBLAI, GOVINDGARH ",JAIPUR,303718,TRUE
JANAK LUDH,JANAK SONS KNITWEAR PVT LTD,"VILLAGE MEHARBAN, RAHON ROAD, LUDHIANA -  PUNJAB, INDIA   ",LUDHIANA,141007,TRUE
32605049,JAYESH FURNITURE MART SANKHEDA,"162, BAZAR ROAD SANKHEDA, DISTT VADODARA GUJARAT ",VADODARA,391145,TRUE
10037115,Jeetmal Lakhmichand,Krishi Upaj Mandi,ASHTA,466116,TRUE
10023414,Jewel Consumer Care Pvt Ltd," Jewel Consumer Care Pvt Ltd Subhaag B 15 16 Ramin Park Old Padra Road Vadodara, Gujarat",VADODARA,390020,TRUE
SKDU,Jhajjar,"Reliance Retail Limited,  Jhajjar Rewari Ro, Nh 71 New Nh 352 Chainage Rd 401 370 ,  Village Ghijarod Jhajjar  ",JHAJJAR,124103,TRUE
32000768,JIYA WOODS FURNITURE,"OM SHANTI COMPLEX, NEAR LLDC BHUJ-BACHAU HIGHWAY, OPP. ANCHOR CO VILL. AJRAKHPUR, BHUJ, KUTCH GUJARAT ",BHUJ,370105,TRUE
T5OB,Jodhpur Basni,"Plot No B8 C9 and 10 A,Industrial Area Phase 1,Basni,Jodhpur RAJASTHAN",JODHPUR,342005,TRUE
JRV NOIDA,JRV INDUSTRIES LLP,"INDUSTRIAL PROPERTY, B-6 2ED FLOOR, SEC-88, GAUTAM BUDDHA NAGAR, NOIDA, UTTAR PRADESH   ",NOIDA,201305,TRUE
KB CREATIO,K. B. CREATION,Individual or Proprietor  RAM GOPAL CHHIPA PALOWALON KA BAGH NEAR SAINI MISTHAN BHANDAR SANGANER,JAIPUR,302029,TRUE
30312412,KAILASH FAB PRINT,"PLOT NO.-2, SERVE NO. 112PA, YAS WAY BRDG., STREET, DHORAJI ROAD , JETPUR",JETPUR,360370,TRUE
NASIK,KALWAN,"Reliance Retail Ltd, Girnar CC, Near BPCL Petroleum pump, Dugaon, Nashik",NASIK,422003,TRUE
30403412,KALZADO INITIATIVES LLP,"CENTRAL, HOPE TOWN KHASRA NO 323 MI TEHSIL,  VIKAS NAGAR, SELAQUI SARA INDUSTRIAL ESTATE,  DEHARADUN ",DEHRADUN,248197,TRUE
60400396,KANCHRATAN PACKAGING PRIVATE LIMITED,INDORE,INDORE,452010,TRUE
PL,KANPUR EDIBLES (P) LTD,MAYUR HOUSE KANPUR,KANPUR,209304,TRUE
KANPUR,"KANPUR EDIBLESS PRIVATE LIMITED,","GATE NO.190.201.RANIA, Akbarpur tahsil. Kanpur dehat, UP",KANPUR,209304,TRUE
32180539,KANSAWALA,"VANA GIGA NO KHANCHO, SURVEY NO.465, KANSARA BAZAR, BHUTA VADI, SIHOR BHAVNAGAR GUJARAT",BHAVNAGAR,364240,TRUE
AGRA,KAPOOR OVERSEAS,"1/132/1, FIRST FLOOR, SYED ALI NAVI, SHAHGANJ ROAD, AGRA",AGRA,282010,TRUE
KARANJA,"Karanja Lad, Washim","Buldhana Urban WH Nagpur Highway Raod, Sawarkar Chowk Karanja Lad Dist. Washim - ",Karanja,444105,TRUE
KASHYAP,KASHYAP FOOTWEAR INDUSTRIES,"C-96 EPIP Export Park Shastripuram Sikandra, Agra",AGRA,282007,TRUE
10348418,Kayem Food Industries Pvt Ltd,"Plot No. 2244-47, Hsiidc,Industrial Estate, Rai Sonipat,KAYEM FOOD,SONIPAT  ",SONIPAT,131029,TRUE
221871829,KESHVI FASHION LLP-ASN,THIRD FLOOR SHOP NO 3043 NEW SARDAR TRADERS MARKET BARDOLI MAIN ROAD SURAT,SURAT,395010,TRUE
KEWAL RAM,KEWAL RAM PLASTICS,KEWAL RAM PLASTICS F 1708 DSIIDC NARELA DELHI ,DELHI,110040,TRUE
60100444,KHS MACHINERY PVT. LTD,"Near Hirapur Chowkadi, Vatva – Ahmedabad Highway,Ahmedabad, Gujarat ",AHMEDABAD,382435,TRUE
218137432,Khushal Clothing,"428 3, Bhavna Estate, Nr Gautam Furniture, Ishanpura Narol Highway",AHMEDABAD,382443,TRUE
80014506,KKG Industries,"KKG Industries, Plot No.31 , Sector-3A, IIE, SIIDCUL, Haridwar, Uttarakhand, India",ROORKEE,247664,TRUE
KRAFT IMPE,KRAFT IMPEX-ASN,"Individual or Proprietor KNIT KRAFT IMPEX GR FLOOR, IX/1312, MANDIR VALI GALI, GANDHI NAGAR, EAST DELHI, DELHI  ",DELHI,110031,TRUE
32180374,KRAFTS PALACE,"506 MALL ROAD,,PRATAP PURA CROSSING,AGRA – 282001",AGRA,282001,TRUE
NAVSARI,Krishana food product,plot no-426 to 429 new Gidc road bardoli road NAVSARI,SURAT,396424,TRUE
10348425,KUMAR AGRO FOODS,"SURVEY NO 40 , Kumar Compound, Soanshiv Village,Wada Tilsa Road, Taluka Wada, Dist-Palghar , Thane , Maharashtra",THANE,421303,TRUE
222103664,KURBAAN COLLECTION,"Individual or Proprietor KURBAAN COLLECTION 1385, VARDHMAN NAGAR ST.NO.6, RAHON ROAD. LUDHIANA, PUNJAB ",LUDHIANA,141004,TRUE
3101000705,LARSEN & TOUBRO LIMITED,"L&T Energy Hydrocarbon RIL NEW ENERGY INITIATIVE PROJECT, MEGHPAR, PADANA, GAGVA, PV SOLAR TR-1: MECHANICAL PO: MOTIKHAVDI, JAMNAGAR, GUJARAT",JAMNAGAR,361140,TRUE
32000830,Liladhar Crafts,"PLOT NO.8-9, RAM RATAN COLONY B MUKUNDPURA ROAD, BHANKROTA JAIPUR RAJASTHAN ",JAIPUR,302026,TRUE
32001135,Living cocoon retail limited, F-191 Sitapura industries area Jaipur Rajasthan  ,JAIPUR,302022,TRUE
Y344,Logistics park (India) Pvt. Ltd,Logistics park (India) pvt. Ltd Village - Nimji dist - NAGPUR Taluka - kalmeshwar,NAGPUR,441501,TRUE
847234,M/S  Pandoul Flour Mills Pvt Ltd.,"At- Plote No.-123,125 & 127 Pandoul Industrial AreaPO/PS – Pandoul, Madhubani Sadar, Madhubani, Bihar - 847234",MADHUBANI,847234,TRUE
MATHURA,M/S CRD FOODS,"M/S CRD FOODS, VILLAGE KOSI KHURD BHARATPUR ROAD MATHURA, UTTAR PRADESH",MATHURA,281005,TRUE
NAVBHARAT,M/s NAVBHARAT INDUSTRIES,"A-37/1  MIDC Khairane, TTC Industrial Area, Near Parimeet Hotel, Behind White house, Navi Mumbai                                                                     ",MUMBAI,400710,TRUE
MS-NAGPUR,"M/s Nisarg Enterprises,","plot no A 13/29,MIDC Area,Near Fire Station,Buttibori,Nagpur-2,Maharashtra",NAGPUR,441122,TRUE
PL-AKOLA,MAHAVIR INDUSTRIES,"Plot No- N-45/46 Opp. ADM Agro Ind. MIDC- 4, AKOLA - 444104",AKOLA,444104,TRUE
60250145,MANJUSHREE TECHNOPACK LIMITED,"PLOT NO 22B,23,23A, SECTOR 2 , INTEGRATED INDL ESTATE PANTNAGAR UDHAM SINGH NAGAR, Udham Singh Nagar, Uttarakhand India",UDHAM SINGH NAGAR,263153,TRUE
MTL,MANJUSHREE TECHNOPARK LIMITED,UDHAM SINGH NAGAR RUDRAPUR,RUDRAPUR,263153,TRUE
222275006,MB RUBBER,"M B Rubber Pvt Ltd. D-13,14,15, SITE IV INDUSTRIAL AREA, SAHIBABAD, DISTT GHAZIABAD (U.P.) ",GHAZIABAD,201010,TRUE
AF_FAMIL_I,"Mbc New Warehouse F-block, Survey No.315/2/2 Bhatk",MP 453441,INDORE,453441,TRUE
MBTC,MBTC_INT_110039_609,"Pocket J, Sector - 4 Building No./flat No.: 113 And 114 Dsii  Delhi, DL 110039",DELHI,110039,TRUE
10281327,Meerut Packaging Industries,"KHASRA NO 740, 741, 745 & OTHERS, VILLAGE MUSSIORIE, NH-119, MAWANAROAD",MEERUT,250002,TRUE
60010261,Megastar Foods Ltd,"MEGASTAR FOODS LIMITED VILLAGE SOLKHIAN KURALI-ROPAR ROAD, RUPNAGAR, PUNJAB",RUPNAGAR,140108,TRUE
32180897,MEHAR TRADINGS,"B240 ,Pal Shilp Gram, Pal Village, RIICO Industrial Area, Jodhpur ",JODHPUR,342014,TRUE
Pathankot,Metro cash & carry,Pathankot by bass Jalandhar,JALANDHAR,144001,TRUE
DC11,METRO CASH & CARRY INDIA PVT LTD,"HADBAST NO. 44 AND 46,IN ZIRAKPUR , MOHALI",MOHALI,140603,TRUE
FRGV,"METRO CASH & CARRY INDIA PVT LTD,","T3DS, Vasal Mall, Civil Line Raod, Oppt President Hotal, Jalandhar Punjab",JALANDHAR,144001,TRUE
T3DM,METRO CASH & CARRY STORE Sonipat,City Mall Tarana Road Near bus stand sonipat Haryana,SONIPAT,131001,TRUE
PL-INDORE,METRO CASH AND CARRY INDIA PVT LTD,"S.NO.17/8/1,2/4/4,17/3/1,17/7/5/1, PIPLIYA KUMHAR P.H.NO.17 (NEW NO.40 INDORE(MADHYA PRADESH), INDORE, Madhya Pradesh ",INDORE,452010,TRUE
T0RJ,Metro Pipliya Kumhar Indore,"Near Niranjanpur Circle, Dewas Naka Village Pipliya Kumhar, Indore, Madhya Pradesh",INDORE,452010,TRUE
DEHRADUN,MG Shahani & Co Delhi Pvt Ltd,"Plot no : 30, Pharma City, industrial Area, Selaqui. Dehradun. Uttaranchal ",DEHRADUN,248197,TRUE
S0NW,MICROTROL STERILISATION SERVICES PRIVATE LIMITED,"R.S.NO.338, STATE HIGHWAY, VILLAGE BRAHMANWADA,  TALUKA - UNJHA, MEHSANA GUJARAT",MEHSANA,384135,TRUE
60402313,MIKHKAT AGRO INDUSTRIES PRIVATE LIMITED,DAHOD,DAHOD,380181,TRUE
KHURJA,"Minhas Pottery,","Minhas Pottery, C-1, Industrial Estate. G.T. Road, Khurja U.P. 203131",KHURJA,203131,TRUE
50015987,MIRC ELECTRONICS LTD,"Village Kudus Bhiwandi Wada, Dist. Palghar, Maharashtra",PALGHAR,421312,TRUE
MORENA,Morena,"Central Warehouse Gate No.2 Near Krishi Mandi, Parishar, Naina garh road Morena MP,",MORENA,476001,TRUE
PL-MORENA,MORENA MP,305 Shri Badridham Residenci Narayani Bali GALi Dattpur Murena ,MORENA,476001,TRUE
399A,Mr. Deepak,"Neerja International Inc Shri Gopal Nagar, Gopal Pura Bypass, Jaipur, Rajasthan",JAIPUR,302019,TRUE
LATUR,MSWC MIDC,MSWC MIDC Renapur Latur P2  Dist. Latur P2,LATUR,413527,TRUE
HINGOLI,"MSWC WH Jawala Bazar, Hingoli","Jawala Bazar, Hingoli",Hingoli,431705,TRUE
60116585,MUTUAL INDUSTRIES LIMITED,"Survey No. 166/2 Part 1, Village Tumb, Taluka Umargaon, Dist. Valsad, Gujarat - ",Valsad,396150,TRUE
NKPPL,N K Proteins Private Limited,"Kadi – Thor  Village – Thor, Taluka – Kadi, Dist – Mehsana  Mehsana- 382721, Gujarat",MEHSANA,382721,TRUE
BHAVNAGAR,NAFED MAHUVA,"NATIONAL AGRICULTURAL COOP MKTG FEDERATI,GSWC LOYANGA MAHUVA, BHAVNAGAR , GUJARAT ",BHAVNAGAR,364295,TRUE
F1FH,NAMAN MALL MANAGEMENT PL,"RNTMARG,INDORE",INDORE,452001,TRUE
NAMHO FASH,NAMHO FASHION LUDHIANA,"RRL jhajjar Rewari Road E8/1684, ST NO.6, NEW BASANT VIHAR KAKOW Nh  71 New Nh 352 Chainage Rd 401 370 LUDHIANA",LUDHIANA,141007,TRUE
834010,Namkum Industrial Area,"AT: 10-P, Namkum Industrial Area, Opp. Aaj Press, Ranchi - 834010   ",RANCHI,834010,TRUE
SLHD,NANDURBAR,NANDURBAR,NANDURBAR,425412,TRUE
BIKANER,Navhari Food Products Pvt. Ltd,"F-88-89 BICHHWAL INDUSTRIAL AREA,BIKANER- (RAJASTHAN)  ",BIKANER,334006,TRUE
RRL TRENDS,NDC SULTANPUR,"INDUSTRIAL PLOT 6, DADRI",JHAJJAR,124103,TRUE
AF_PLANT_3,"New Servey No 1076N, Old Servy No 821, Om Sai Brid","Ahmedabad, GJ 382430  ",AHMEDABAD,382430,TRUE
32181089,NEW VISHWAKARMA HANDICRAFTS,"Plot no. 7, khasra no. 1102 740, NEW VISHVAKARMA HANDICRAFTS, BEHIND BASNI POLICE, STATION, BASNI 2ND PHASE, Jodhpur, Rajasthan,",JODHPUR,342005,TRUE
220025831,NEXGEN FOOTWEARS PVT. LTD.,"H-42, UDYOG NAGAR, PEERAGARHI, WEST DELHI, DELHI-110041  ",DELHI,110043,TRUE
3101000550,"NH - 77, Bazaar, near R D High","NH - 77, Bazaar, near R D High School, Runni Saidpur Madhya, Chak Donai, Bihar",SITAMARHI,843328,TRUE
PL-KHARGON,"NIMRANI, KHARGONE",AKSHAT AGRO MILLING COMPANY PVT LTD PLOT NO 1-8 AND 23 TO 33 FOOD PROCESSING PARK INDUSTRIAL AREA AB ROAD NIMRANI,KHARGONE,451001,TRUE
NORANG,NORANG FLOUR MILLS PVT LTD,JHUNDPUR INDUSTRIAL AREA SONIPAT,SONIPAT,,TRUE
STVT,NTEX Transportation Service Pvt Ltd,"Surat, GUJARAT 394107",SURAT,394107,TRUE
30307006,"Nylon Hosiery Mills, LUDHIANA","B-32, E14/2004, Gurbax Nagar, Near Metro G.T. Road. Jalandher Bye Pass, Ludhiana ",LUDHIANA,141008,TRUE
OAM3,OAM3-AMAZON SELLER KATHWADA-1,"Ahmedabad GIDC KATHWADA  Ahmedabad, Gujarat 380005",AHMEDABAD,380005,TRUE
32001565,OCHRE CERAMIC & POTTERY,"SR NO 107, LAXMI NAGAR HADGUD, ANAND, GUJARAT ",ANAND,388110,TRUE
OCSX,OCSX -AMAZON SELLER KHATWADA-2,"Accurateproductsandservices84-85,girivarglobeindustrialpark,  Ahmedabad, Gujarat 382415",AHMEDABAD,382415,TRUE
30850092,OM POLYMERS,1404 &1417 MIE PART-B BAHADURGARH ( H.R  ,BAHADURGARH,124507,TRUE
OSFP,OM SAI FOOD PRODUCTS,"29000750  Add-76,PO KOLSANA,VIA MORALI BAZAR,NEAR SUGA ",NAVSARI,396436,TRUE
AF_PACIF_,"Oorja Industrial Zone - 10b, Pardi-padvala Road,be","Rajkot, GJ 360024  ",RAJKOT,360024,TRUE
T5GI,Opp Reliance Gujarati Medium School,"Sector 1 PO Petrochemicals Township,Refinery Road Village Undhera Vadodara GUJARAT",VADODARA,391345,TRUE
PALSANA-GJ,PALSANA SURAT,ULTRADENIM LIFESTYLE PRIVATE PLOT NO. C9  GUJARAT ECO TEXTILE PARK NATIONAL HIGHWAY 8  GUJARAT ,PALSANA,394315,TRUE
PL-DEHGAM,PANKAJ AGRO PROCESSING PVT LTD,OPP.MARADIYA FARM NEAR.RAILWA CROSSING DEHGAM GANDHINAGAR ROAD,DEHGAM,382305,TRUE
RAIGAD,PARAKH FOODS AND OILS LIMITED,"VILLEGE DEVNHAVE, PALI ROAD, KHOPOL RAIGAD MAHARASHTRA, 410203 RAIGARH(MH), Maharashtra ",RAIGAD,410203,TRUE
32021104,PARASRAM APPARELS,"PARASRAM APPARELS,449/6/7,STREE NO 0,,JANAKPURI.,NEW KIDWAI NAGAR,Ludhiana,141008",LUDHIANA,141008,TRUE
PARSONS,PARSONS NUTRITIONALS PVT LTD,"Parsons Nutritionals Pvt Ltd ,  Plot No – 5 , Site – IV , Industrial Area , Sahibabad , Ghaziabad – ( U.P. )",GHAZIABAD,201010,TRUE
60402120,PATAN / GAGLASAN,GAGLASAN,PATAN,384151,TRUE
32002472,PATOLA OF PATAN PRIVATE LIMITED,"PATOLAWALA FARM HOUSE, OUT SIDE PHATIPAL, GATE PATAN, GUJARAT  ",PATAN,384265,TRUE
S3ON,PBG INDW MP,GRAM DAKACHIYA TEHSIL SANWAR INDORE RRL C/0 PRANIK LOGISTICS INDORE,INDORE,452006,TRUE
30108556,Pg Electroplast Pvt. Ltd,"PG ELECTROPLAST PVT LTD,, KHASRA NO 268 AND 275, 15TH MILESTO, ROORKEE - DEHRADUN NATIONAL HIGHWAY, VILL-RAIPUR,PARGANA-BHAGWANPUR,, HARIDWAR UTTARANCHAL",ROORKEE,247667,TRUE
NOIDA,PG TECHNOPLAST PRIVATE LIMITED,"PLOT NO 76 SECTOR ECOTECH 12 GAUTAM BUDH NAGAR, UTTAR PRADESH  INDIA ",NOIDA,201306,TRUE
60115296,PGP GLASS PVT LTD,"Off-Masar Chowkadi, Masar Gajera Road, Ucchad Village, Jambusar Taluka Bharuch",Jambusar,392150,TRUE
SLXP,PL - AHMEDNAGAR,Saideep Foams Pvt Ltd Plot No A11/2 Nagpur Midc Ahmadnagar Maharashtra,AHMEDNAGAR,,TRUE
PL-AGRA,PL AGRA FOOTWEAR,ELAHI FOOTWEAR CONCEPTS,AGRA,223007,TRUE
PL-ANAND,PL ANAND,SYPRAM WORLD TRADE PVT LTD  268NEAR SINJI WADA KANALTARAPUR-    AHMEDABAD ROAD - TARAPUR-388  CITY CODE -388180 DIST-ANAND,ANAND,388180,TRUE
PL-ASANGAO,PL ASANGAON VENDOR,"VIVA COSMETICS, C1/1 TO 6, RADHEYSHYAM INDUSTRIES  ASANGAON, TALUKA - SHAHAPURA, DIST THANE ",ASANGAON,421601,TRUE
PL-B'GARH,PL BAHADURGARH,"OM POLYMERS, MIE PART B",BAHADURGARH,124507,TRUE
PL-GHA'BAD,PL GHAZIABAD,"SONAM COLLECTION, TRONICA CITY",GHAZIABAD,201102,TRUE
PL-LUDHIAN,PL LUDHIANA,"LIKE KNITTING,  GT ROAD BYEPASS",LUDHIANA,141003,TRUE
PL Mahesan,PL Warehouse,NA,MAHESANA,384001,TRUE
PL-LIMBASI,PL WAREHOUSE LIMBASI,"KASHI AGRO BLOCK NO. 355 360 361 MALAWADA CROSSING  LIMBASI TA MATAR, LIMBASI, DIST KHEDA ",LIMBASI,387520,TRUE
PL-MAHEMDA,"PL WAREHOUSE MAHEMADABAD, DIST KHEDA",MAHEMDAVBAD,MAHEMADABAD,387130,TRUE
PL-RAJKOT,PL WAREHOUSE RAJKOT,RAJKOT,RAJKOT,360001,TRUE
PL-VAPI,PL WAREHOUSE VAPI,"M/S ACCRA PAC INDIA PVT LTD. PLOT NO. 1105, 3RD PHASE, GIDC VAPI -396195",VAPI,396195,TRUE
PL-ROORKEE,PL- ROORKEE WAREHOUSE,"Plot No: 12 (A), Raipur Sahkari Udyogik Kshetra, Village Raipur, (Bhagwanpur), Roorkee - ",ROORKEE,247667,TRUE
PL-PALGHAR,PL-PALGHAR ATLAS COMMODITIES,"M/s Atlas Commodities, 1010 DONGRIPADA, KAMAN BHIWANDI ROAD,KAMAN,TAL-VASAI, DIST-PALGHAR- 401208",PALGHAR,401208,TRUE
AF_PLAN__A,"Plantex, Plot No-5/a, Road No-1, Kathwada Gidc, Od","Ahmedabad, GJ 382430  ",AHMEDABAD,382430,TRUE
AF_LEOTU,"Plot No. 3, Ode-pirana Road,","Ahmedabad, GJ 382427",AHMEDABAD,382427,TRUE
PL(JAIPUR),"PLOT NO.A-118,B-119 & B-120","VISHWAKARMA INDUSTRIAL AREA,ROAD NO. 9,JAIPUR-",JAIPUR,302013,TRUE
PL-SURAT,POSHTIK FOOD PRODUCTS LLP,"PLOT NO. 45, GUJARAT AGRO INFRASTRUCTURE, SURAT",SURAT,394421,TRUE
32180600,PRACHI EXPORTS,"SF AND BASEMENT, B-104, OKHLA INDUS,AREA,PHASE-1, NEW DELHI,SOUTH DELHI, DELHI, ",DELHI,110020,TRUE
32000107,PRAGATI HANDICRAFTS,"PRAGATI HANDICRAFTS 7/3216, DHOBISHERI SAIYEDPURA, NR. RAMPURA PETROL PUMP SURAT SURAT, Gujarat ",SURAT,395003,TRUE
PGC,PRASAD GWK COOLTECH PVT. LTD.,"PLOT NO. 4/A-4, PHASE-I,,G.I.D.C., INDUSTRIAL ESTATE, VATVA,, AHMEDABAD-GUJARAT-",AHMEDABAD,382445,TRUE
60400232,Pushpam Foods & Beverages Pvt. Ltd,"Gat No 104/2A,Village Borate Vasti,Nandur,Pune,Maharashtra",PUNE,412202,TRUE
223163935,PUSHTI PRINT,"PUSHTI PRINT Tarapra Udhyog Nagar,  Bhadar Sama Kanthe, Jetpur     ",JETPUR,360370,TRUE
LUDHIANA,PVT LTD LUDHIANA,"VPO JANDIALI, NEAR KOHARA, CHANDIGHAD ROAD, LUDHIANA",LUDHIANA,141001,TRUE
SL3A,QSCPL VF GJ AHM BAVLA GROCERY,BAVLA,BAVLA,,TRUE
SI05,QSCPL VF GJ AHMBAVLA GROCERY,KOCHARIYA BAVLA,BAVLA,,TRUE
S2GZ,QSCPL VF Kolkata PL DC,HOWRAH,HOWRAH,,TRUE
SP9J,QSCPL VF MH Kolhapur GCR DC,KOLHAPUR,KOLHAPUR,,TRUE
S0IY,QSCPL VF MH PUNE CHAKAN DC,ESR Chakan II Industrial&Logistics ParK Village  Ambethan Tal Khed Chakan,PUNE,410501,TRUE
SCB0,QSOPL VF TVS WADPE BHIWANDI DC,BHIWANDI MAHARASHTRA,BHIWANDI,,TRUE
SZBL,QWIK Supply Chain Private Ltd,"SZBL Portico DC Jhajjar, QWIK Supply Chain Private Ltd, Rewari Road Nh 71 New Nh 352 Chainage Rd 401 370, Village Ghijarod, Raipur, Jhajjar",JHAJJAR,124103,TRUE
SADW,QWIK Supply Chain Private Ltd BHW,QSCPL VF-BHW-Milestone Compound SN43/1/2A/1C 44/1D/A/C 45/1A/2A/2B 46/1A 1B/C/D/3E/4E/1E/7B/7A A5/6/8 Milestone Compd Ind Coop Vlg Dive Anjur Bhiwandi Thane,THANE,421302,TRUE
QWIK,QWIK Supply Chain Pvt Ltd.,"Khewat/Khata No.489/503 Mustkil, Toatl Land, 17 Kannal, 7 Marla Share Salam, No 57, Killa No 8 & 9, 122004 GURGAON,Haryana(06),122004",GURGAON,122004,TRUE
32001424,R K Studio Potteries,"Plot no. 8 Opp. S S Global School, Gurukul Industrial Area Sec - 38, Faridabad Haryana",NOIDA,121003,TRUE
RV FOOD,R.V.FOOD PRODUCTS,"R.V.FOOD PRODUCTS  PLOT NO.624 PLOT NO.624, PHASE, NARODA",AHMEDABAD,380038,TRUE
HMH6,"R1, Shakti Logistics Park- Phase II","R1, Shakti Logistics Park- Phase II , Mumbai-Nashik Highway (NH-160),  MUMBAI, MAHARASHTRA 421302",MUMBAI,421302,TRUE
10199000,RAJEEV INDUSTRIES 36 INDUSTRIAL AREA,"RAJEEV INDUSTRIES TRILOKPUR ROAD KALA AMB KALA AMB SI SIRMAUR, Himachal Pradesh India",SIRMAUR,171226,TRUE
223652937,RAJYAREKHA TRADE PVT. LTD,"PLOT NO. 1021 MIE PART A , BAHDURGARH, HARYANA",BAHADURGARH,124507,TRUE
32001092,Ram Gopal Blue Pottery,"81, VISHNU GARDEN OPP. SANGANER AIRPORT TONK ROAD JAIPUR, Rajasthan ",JAIPUR,302029,TRUE
BAVLA,Ramdev and Fine Taste Foods Private Limited," SURVEY NO:397, 400, 405, 406, 415, 416 VILLCHIYADA,TA-BAVLA, DI-AHMEDABAD-",BAVLA,382220,TRUE
382220,RAMDEV FOOD PRODUCTS PVT. LTD.,"RAMDEV SPICE WORLD, CHANGODER",BAVLA,322220,TRUE
32001152,Ramesh Handicrafts,"70, Old Amer Road, JDA Market, Kanwar Nagar, Opp. Vijay Senior School, Jaipur, Rajasthan",JAIPUR,302002,TRUE
30852011,RASHI NX,"413, SAI DARSHAN MARKET, RING ROAD",SURAT,395002,TRUE
RFPP,RASRASNA FOOD PRODUCTS(I)PRIVATE LIMITED,"E-66, BICHHWAL INDUSTRIAL AREA,BIKANER",BIKANER,334006,TRUE
60400218,RAVI INDUSTRIES,",BAREILLY, Uttar Pradesh",BAREILY,,TRUE
60400749,RAVI OIL REFINERIES,RAJKOT,RAJKOT,,TRUE
222498730,RAVI POLYESTER PVT LTD,"PLOT NO:-2302, G.I.D.C., SACHIN, ROAD NO:-2 SURAT   ",SURAT,394230,TRUE
PITHAMPUR,"Reliance Brands Limited, Pithampur","Millennium Babycares Pvt Ltd,Plot No 111 112 Sector No 2, Pithumpur Industrial Area Pithampur",PITHAMPUR,454775,TRUE
SLR2,Reliance Brands Ltd - Mothercare,"Swara Baby Products Pvt Ltd,  Plot No 598 599 Sector 3,  Industrial Area Pithampur, DHAR",PITHAMPUR,454775,TRUE
SH1R,RELIANCE CONSUMER PRODUCTS LIMITED," Plot No 1 2 3 4 Revenue Survey No 111p1 111P2,At Mota Mahika Bhunava, Mota Mahika Road Mota Mahika GONDAL Gujarat ",RAJKOT,360311,TRUE
SARO,"RELIANCE CONSUMER PRODUCTS LIMITED,",Ms Ozpure FnB Pvt Ltd Sno -112 and 122/1Kalamkhand Manor-Wada Wada palghar VADA Maharashtra- ,PALGHAR,421303,TRUE
SAI4,"RELIANCE CONSUMER PRODUCTS LIMITED,.", Plot no 20 GIDC Manjusar Savli SAVLI Gujarat - ,VADODARA,391775,TRUE
SAL3,RELIANCE CONSUMER PRODUCTS LIMITED.,Plot No 228 Vadodara Jambusar Highway Near Padra Dabhasa PADRA Gujarat - ,VADODARA,391440,TRUE
ST4S,Reliance Consumer Products Ltd Village Kulana,"Patauda,HR",JHAJJAR,124108,TRUE
S4SZ,RELIANCE CONSUMER PRODUCTS. LIMITED, Shed No 2 Ground Floor Block No 505 Mouje Aslali Taluka Daskroi Ahmedabad Ahmedabad Gujarat -  ,AHMEDABAD,382430,TRUE
GWL,RELIANCE RETAIL LIMITED [GWALIOR FC,"RELIANCE RETAIL LIMITED [GWALIOR FC PLOT.NO.994,WARD NO.13, BARAGHATA INDUSTRIAL AREA NEARBY VICKY FACTORY SQUARE",GWALIOR,474009,TRUE
SK43,Reliance Retail Limited Faridabad,"Khatoni NO. 12/2, 19/1, 19/2, 22 Village Mawai 66 FT Road Faridabad Haryana. ",FARIDABAD,121002,TRUE
VLCK,RELIANCE RETAIL LIMITED HARIDWAR FC,"RELIANCE RETAIL LIMITED HARIDWAR FC Khasra no. 1828 - 1830 Near Prince Pipe gate -4, Denso chowk, Bahadrabad Salempur Mehdood IP-II Haridwar, Uttarakhand",HARIDWAR,249402,TRUE
T5OO,Reliance Retail Limited khasra no- 1234/3/1,Near Bapu asharam Rajokari villagenew delhi-110038,DELHI,110038,TRUE
SZ9P,Reliance Retail Limited QSCPL VF MP Indore DC QWIK,"QSCPL-MP-DC-IND-008 135/1136/ 1141/1/1 & 142/1/2 Ab Rd, Vill Arjun Tehsil Sanwer 453771 INDORE MP",INDORE,453771,TRUE
PATIALA,"Reliance Retail Limited, E-Grocery RMFC Patiala","Khewat No-3 Khatauni No-6,Vill-Bir Bahadurgarh and Khewat No-30,,Khatauni No-40, Village Kasba alias Rurki Tehsil Patiala",PATIALA,147021,TRUE
S1OP,Reliance Retail Limited., AMTA AMTA BAGNAN ROAD DEORA Howrah AMTA2 West Bengal,HOWRAH,711401,TRUE
BHAMBOLI,Reliance Retail Ltd,"Building 700, Interspace Chakan III, Chakan MIDC Phase II Bhamboli, Pune",PUNE,410501,TRUE
SANATHAL,Reliance Retail Ltd. Sanathal Warehouse,"SURVEY NO.278 & 234 LOT NO : 54 & 95, SP RING ROAD, Sanathal OKAF, AHMADABAD GUJARAT",AHMEDABAD,382210,TRUE
T5GJ,"Reliance Retail, Opposite Commando",Complex. Bahadargarh Patiala.,PATIALA,147021,TRUE
20005115,RELISH FOODS,"KILERAMA, KHASRA NO 128 VILLAGE DALPATPURA, NEAR JATAKHEDA ROAD INDORE BHOPAL HIGHWAY, ASHTA, ASHTA MADHYA PRADESH",ASHTA,466116,TRUE
BCTX,Renaissance industrial,"smart city Vashere village  BHIWANDI, MAHARASHTRA",BHIWANDI,421302,TRUE
60115828,RISIVEDA HERBAL PRODUCTS PRIVATE LIMITED,"PLOT 30D, SECTOR 11 SIDCUL, HARIDWAR, Haridwar, Uttarakhand, 249403  Haridwar, Uttarakhand",HARIDWAR,249403,TRUE
32001159,RK DESIGN,"56, BUS STAND, VILL KHORA SHYAMDAS, TEHSIL AMER JAIPUR RAJASTHAN",JAIPUR,303704,TRUE
S950,RMFC Patiala,"Reliance Retail Limited, E-Grocery RMFC Patiala,  Khewat No-3 Khatauni No-6, Vill-Bir Bahadurgarh and Khewat No-30, Khatauni No-40, Village Kasba alias Rurki Tehsil Patiala, Patiala",PATIALA,147021,TRUE
80018344,ROYAL PLASTOCRAFT PVT LTD,"ROYAL PLASTOCRAFT PVT LTD SP 5 -1, RIICO INDUSTRIAL AREA, GHILOTH TEHSIL – NEEMRANA",NEEMRANA,301706,TRUE
RR JAIN,RR JAIN INDUSTRIES,"SHARMAN RATTAN ENCLAVE,BAHADUR KE LUDHIANA PUNJAB ",LUDHIANA,141008,TRUE
TXIX,RRL,NOIDA GAUTHAM BUDDHA NAGAR UTTAR PRADESH,NOIDA,201301,TRUE
KISHANGANJ,"RRL , KISHANGANJ","Central Warehousing Corporation, Reliance Retail Ltd, Paschimplai",KISHANGANJ,855107,TRUE
NAGPUR,RRL 20 Cube Warehousing & Distribution Ltd,"W/H ADD : KH NO 16, CHINCHBHUWAN, 14 MAIL, NEAR HP PETROL PUMP, KALMESHWAR ROAD, VILLAGE NIMJI, TAH KALMESHWAR",NAGPUR,441501,TRUE
S3WL,RRL Agri sourcing Prerna Reliance Retail Limited,"Prerna Garg Chamber No, 01 & 02 Khasra No 40-2 ,4-0, 40-3,1-0,Situated in the revenue state village Hamidpur ALIPUR",ALIPUR,110036,TRUE
V1PX,RRL Ahmedabad Distribution Ce VS GIDC,"Naroda,Naroda Industrial Estate,AHMEDABA(Gujarat)",AHMEDABAD,382330,TRUE
60014972,RRL Ahmedabad Processing Centr,AHMEDABAD,AHMEDABAD,,TRUE
SB85,RRL Ajio B2B CDC,"Jaipur Logistics Park,Bagru, NH8, Jaipur (RJ) ",JAIPUR,303007,TRUE
S3UT,RRL AJIO B2B khopoli 2 DC,Reliance Retail Limited Building No B 500 Ikshita Logistics Park Indospace logistic Park Khopoli vlg Ajivali taluka Khalapur raigad KHOPOLI,KHOPOLI,410203,TRUE
SD72,RRL AKBARPUR SONEPAT PL DC,Reliance Retail Limited SR Techno Soft Pvt Ltd Kh No 101//1/1/21 11/2/1 102//5/2/3 5/2/2 5/4/1/2 5/4/22 6 VILLAGE AKBARPUR BAROTA DISTRICT SONIPAT ,SONIPAT,131103,TRUE
F1UH,RRL AMBAWADI,"RRL KOLONNADE CENTRE OPP. SAFFRON TOWER, AMABAVADI",AHMEDABAD,380006,TRUE
WALUJ,RRL AURANGABAD,Reliance Retail Limited Gut No 49 Opp Garware Hytech filling At Naigaon Post Waluj Tal Gaangapur   Dist Aurangabad Pune Nagar Highway  ,AURANGABAD,431133,TRUE
BHARATPUR,RRL BHARATPUR,"Reliance Retail Limited, Central Warehousing Plot No G 162-165 Brij Industrial Area behind Nafed Plant Bharatpur",BHARATPUR,321001,TRUE
8909,RRL CDIT  Orion Business Park,Reliance Retail Limited Ground flor next to cinewounder mall gb road thane gb road thane ,MUMBAI,400607,TRUE
FARRUKHNAG,RRL CDIT FARRUKHNAGAR DC,RRL CDIT FARRUKHNAGAR DC Embassy Industrial Park,FARRUKHNAGAR,122506,TRUE
SLGC,RRL CDIT PUNE INTERIM DC,"Reliance Retail Limited, MH-DC-PUN-019,  Sanghar Warehousing Survey No 27,  Situated At Village Lonikand, Tal Haveli dist, PUNE",PUNE,412216,TRUE
NANDED,RRL CENTRAL WEARHOUSE,"NR, JAWAHAR NAGAR, TUPPA VILLAGE, NANDED",NANDED,431603,TRUE
S3XT,RRL Cold storage Mother Shree,"Reliance Retail Limited GJ-DC-AHM-005 Plot no 49/50, Phase l  ""Behind, Jayhind Metal"" GIDC, Naroda AHMEDABAD",AHMEDABAD,382330,TRUE
RRLCD,RRL Consumer Brand,RRL Consumer Brand Delhi,DELHI,110000,TRUE
SLTO,RRL DC Building No B 1000 Indospace,"""Industrial, Jhajjar Badli RoadPahasour"" Faizabad PO Badli Badli Jhajjar",JHAJJAR,124105,TRUE
SLLM,RRL Digital CDIT Siliguri DC,Mouza Binnaguri Po Bhaktinagar Near cannel road sahudangi,SILIGURI,735135,TRUE
S4XC,RRL Footprint Sultanpur NDC,"Industrial Plot No 1,Village: Dadri Toe,Jhajjar Haryana JHAJJAR",JHAJJAR,124103,TRUE
V1KF,RRL Grocery Kheda DC,VS Sumar Logistics and Indust Park NH 8 Village Hariyala Tal Dist Kheda KHEDA(Gujarat)-387411,KHEDA,,TRUE
VS40,RRL Grocery Kheda DC-VS,",Coca-Cola Factory Betdilat,Vill Hariyala Tal Dist Kheda NADIAD,Gujarat",KHEDA,387411,TRUE
NAVASRI,RRL Gujarat State Office - PL,"PLOT NO-16, BLOCK NO-1862, EURO FOO B/H GUJARAT HOTEL, NH-48, DEGAM,  TA-CHIKHLI, DIST-NAVSARI, GUARATNAVSARI Gujarat ",NAVSARI,396530,TRUE
JAIPUR DC,RRL JAIPUR DIGITAL DC,SP-2033  Industrial AreaRamchandrapura Sitapura Extension Sitapura 302022 JAIPUR (RAJ.),JAIPUR,302022,TRUE
JALANDHAR2,RRL JALANDHAR,"Reliance Retail Limited,E Grocery FC  Jalandhar NURPUR",JALANDHAR,144001,TRUE
S3RW,RRL KASHIPUR,KHASRA NO 53MIN & 54MIN NAGAR INDUSTRIAL ESTATE BAZPUR ROAD KASHIPUR,KASHIPUR,247667,TRUE
T5LA,RRL KOTA,Godown 1A 1B 1C Central warehouse Indraprastha md area Nr. Daknia Railway Station Kota ,KOTA,324005,TRUE
LUCKNOW RR,RRL LUCKNOW,DC 325/4 DHAWAPUR BANI MOHANLAL GANJ ROAD LUCKNOW UP,LUCKNOW,,TRUE
TB32,RRL Pune Wagholi CPC,Reliance Retail Limited Gate No.511 Katkewadi Village-Wagholi Taluka - Haveli Pune,PUNE,412207,TRUE
TAL8,"RRL RAIPUR VF DC VS,"," RRL RAIPUR VF DC VS,Rrl Vf Dc Khasra No 684/1 to 684/7,Near Flyover Ring Rd N3 Raipur,RAIPUR(Chhattisgarh)-493111",RAIPUR,493111,TRUE
S0XB,RRL SIS VF GJ Navsari Surat FFDC,"534 Canal Road, Vesma  Chokdi, Block No533,534,Vesma, Kuched Navsari ",SURAT,396475,TRUE
S0GT,RRL Sulthanpur Trends DC,"Industrial Plot N1 Street Nimana Sector5, Model Economic Township Tehsil Badli District Jhajjar Haryana JHAJJAR",JHAJJAR,124103,TRUE
V1JU,RRL Super RP Bagh,RRL Super RP Bagh - VS New Delhi,DELHI,110033,TRUE
32000371,RRL TRENDs JAIPUR,"180 Ganga Vihar Colony, Mangyawas. Near Bharat Mata Circle, Mansarover, Jaipur, Rajasthan",JAIPUR,302020,TRUE
V050,RRL TRENDS SULTANPUR NDC,RRL TRENDS SULTANPUR NDC,GURGAON,,TRUE
F1N1,RRL VADODARA,RRL VADODARA  WADI OPP. SARABHAI CHEMICALS BARODA,VADODARA,390001,TRUE
SR1T,RRL VF GJ AMD Pirana PL DC,"Reliance Retail Limited  RRL-GJ-PIRANA-GOGREE   Shiv Prerana Industrialplot No 32 Estate  Pirana Road, Ahmedabad     ",AHMEDABAD,382425,TRUE
SLPR,RRL VF HR Kumaspur CPC,HR Kumaspur CPC,SONIPAT,,TRUE
SF67,RRL VF JAIPUR SDFX DC,Reliance Retail Limited RRL VF Jaipur,JAIPUR,302013,TRUE
PLCHOMU,RRL VF JPR Chomu,PL DC RAJ-DC-CHO-9008 Hathnoda Tehsil Chomu Dist Jaipur ,JAIPUR,303702,TRUE
VV9A,RRL VF MP Khamkheda Grocery DC,"RRL Vlg Khamkheda Goharganj Raisen,HUZUR(Madhya Pradesh)",HUZUR,462046,TRUE
SH66,RRL VF OD Khurda PL DC,Reliance Retail Limited Reliance Retail Limited A/21A/ 21/Aa/22A/22/Ba/22/B Pkholadwar Industrial Area Mouza Mukundaprasad Khorda,KHURDA,752055,TRUE
JAIPUR,RRL VF RJ Jaipur,"Motu ka Bas GCR DC, Khasra No 76 To 96 98 118,Village Motu Ka Bas Tehsil Amer, Jaipur",JAIPUR,303704,TRUE
SAJL,RRL VF UP Kanpur Chachendi PL DC,"Uttar Pradesh RRL Kalpi Rd,Chachendi urf Sachendi Ist, Arazi No 882,883, KA Mi, NH-2, Kanpur Nagar Ground Flr,",KANPUR,209304,TRUE
S1QX,RRL VF Vidisha PL DC,"KHASRA NO 338 &340 Village Dhaturi, Haveli Management limited, Star Agri Warehousing & Collateral, VIDISHA",VIDISHA,464001,TRUE
SN9O,RRL VF WB HWH Islampur PCS,Reliance Retail Limited Aapb Properties Llp Amta Ind Park 2 Mouza & Village Islampur Po Islampur P S Jagatballavpur Jl No 76 Howrah HOWRAH,HOWRAH,711401,TRUE
SB70,RRL WAREHOUSE RAJKOT,AARNAV WHS  LLP  C/o DML WHS OPP SKYWIN SPINNING MILLS JIYANA KUVADA  WANKANER Road,RAJKOT,360003,TRUE
SL07,"RRL, HOWRAH","Reliance Retail Limited, RRL Howrah Shadow Fax DC, Howrah, West Bengal",HOWRAH,711302,TRUE
NARODA,"RRL, NARODA","Reliance Retail Limited, 103/106 - Gate No 5 |Vimal Compound| GIDC | Naroda Ahmedabad | Gujarat ",NARODA,382330,TRUE
VASHI MKT,"RRL, TURBHE, VASHI","APMC. FRUITS MARKET,SECTOR-19,TURBHE,VASHI",NAVI MUMBAI,400705,TRUE
DHARUHERA,RRL-NORTH-HR-DHARUHERA,Reliance Retail Limited Schenker India Pvt Ltd Hadbast No 191 Khewat Khatuni No 8 Mustatil No 17 Killa No 11 2 3 12 Dist Rewari,DHARUHERA,123106,TRUE
221519214,S.D POLYMER,"F-1488, DSIIDC INDL. AREA., NARELA, WEST DELHI, DELHI ",DELHI,110040,TRUE
SAEY,SAEX QSCPL - VF APPAREL DC HR,JHAJJAR REWARI ROAD NH 71 NEW NH 352 CHAINANGE RD 401 370 GHIJA ROAD JHAJJAR ,JHAJJAR,124103,TRUE
S570,SAGAR COMPLAX,"BHIWANDI NASIK ROAD, BHIWANDI",MUMBAI,421308,TRUE
60400628,SAGAR RATNA PRODUCTS PVT. LTD,JUPITER INDUSTRIAL & LOGISTICS UNIT VADALA ROAD KHEDA,KHEDA,387411,TRUE
SLLR,Saharanpur,"CWC, Saharanpur",SAHARANPUR,247001,TRUE
SAI INTERN,SAI INTERNATIONAL,"PLOT NO-315,316,SECTOR-17 HSIIDC, FOOTWEAR PARK,  BAHDURGARH, HARYANA  ",BAHADURGARH,124507,TRUE
32001293,SALAWAS ART & CRAFTS,"NEAR KABIR ASHRAM, SALAWAS, JODHPUR, Rajasthan - Pin Code : 342001",JODHPUR,342001,TRUE
32000829,Samarth Enterprises,"F-92, Prahladpura Industrial Area, Sitapura, Jaipur, Rajasthan ",JAIPUR,302022,TRUE
PL-NAVSARI,SANIL TEX,"ECOSSENTIAL CLOTHING PVT.LTD, 2ND AND 3RD FLOOR, SHOP NO.1066/71, 2,3 AND 1066/73,1, OM SHOPPERS B, HANUMANBARI, VANSDA, NAVSARI ",NAVSARI,396580,TRUE
32180022,Sanskriti Bastar,"plot no 5-6, Gandi ward, industrial state Kondagaon Chhattisgarh",RAIPUR,494226,TRUE
32001249,SANTOSH MARBLE HANDICRAFT,"176, Laxmi Vatika, Hathoj Village, Kalwad Road, Jaipur, Rajasthan",JAIPUR,302012,TRUE
PL-NOIDA,SARAH INTERNATIONAL,"D-172, PHASE 2 EXTN, HOSIERY COMPLEX, NOIDA",NOIDA,201304,TRUE
PL - ASHTA,SATHVIK AGRO FOOD INDUSTRIES PVT LTD,KHASRA NO 124 4 INDORE BHOPAL HIGHWAY VILLAGE DALAPATPURA,ASHTA,466116,TRUE
FRDR,SB Ajmer Oasis Mall Panchsheel,Block A  Rajeev Circle  Oasis Mall - Ajmer,AJMER,,TRUE
FR28,SB Bhopal Aura Mall Gulmohar,Sector E8  Arera Colony  Aura Mall Opp Rajiv Gandhi College  Gulmohar ( BHOPAL,BHOPAL,462039,TRUE
FRFT,SBZ PB Amritsar TRILIUM MALL VR Ambarsar,"Plot No 4 Medical. Enclave Opposite Basant, Avenue Circular Road. AMRITSAR",AMRITSAR,143001,TRUE
FRBG,SBZ PB Ldh Silver Arc Ferozep,SBZ PB Ludhiana Silver Arc  Ferozepur Rd. Bxx 622 Gurdev Nagar. LUDHIANA (PB),LUDHIANA,141001,TRUE
FRDO,SBZ RJ Jaipur,"Triniti Mall-Sanganer,Plot No 5  Triniti Mall,Opp Shyam Nagar  New Sanganer Road",JAIPUR,,TRUE
GURGAON,Schenker India Warehouse,"Revenue Estate  Kila#51 17 24 Village Khurumpur Tehsil Farukhnagar Gurgaon, Haryana ",GURGAON,122506,TRUE
SRN,SCHMITEAM RAJHANS NUTRITIONS PVT LTD,SURAT,SURAT,,TRUE
S4VD,Schmitten - Rajhans Nutriments Pvt. Ltd.,"NH - 08, Opp. Gujarat Gas CNG Pump Tal: Mangrol, Mahuvej, Gujarat",AHMEDABAD,395006,TRUE
225696551,Shamsons Polymer Pvt. Ltd,C-1 SITE IV INDUSTRIAL AREA SAHIBABAD GHAZIABAD U.P.-,GHAZIABAD,201010,TRUE
SHARDA IND,"SHARDA INDUSTRIES, SANAND",SHARDA INDUSTRIES  PLOT NO.12GAYATRI IND ESTATE  NR.MANPASAND WAY BRIDGE VIRAMGAM ROAD  SANAND ,SANAND,382110,TRUE
IDX2,Shiv logistic Park,"Khasra No 282/1/2/2 INDORE, MADHYA PRADESH",INDORE,453771,TRUE
INDORE,Shivani Detergents,"PLOT NO. 41 C, E & F Seller Quot. Ref SECTOR II, PITHAMPUR, DHAR, DHAR MADHYA PRADESH, Pin-Code:  INDIA ",INDORE,454775,TRUE
219772218,"Shoe Art India, DELHI","SHOE ART INDIA, A-61, DSIIDC NARELA INDUSTRIAL AREA, DELHI ",DELHI,110040,TRUE
Shoemac,Shoemac Exports,"143-Manas Nagar, Shahganj  AGRA ",AGRA,282010,TRUE
10004443,Shree Ambaji Food Products Pvt,RANCHI,RANCHI,,TRUE
RAMDEV RIC,Shree Ramdev Rice And Pulse Mill,"Near lake , Nayka Nayka- Dist. Kheda- 3 Gujarat",KHEDA,387550,TRUE
217639348,Shruti Enterprises,"E-736, DSIIDC Narela, ",DELHI,110040,TRUE
PL-DAMAN,SHUBH SHAGUN PACKAGING PVT. LTD,"Survey No : 172/3(80) & 172/4 (81), Panchal Udhyog Nagar",DAMAN & DIU (UT),396210,TRUE
SIKANDRABA,SIKANDRABAD,"TWIN TECH INDIA PVT LTD. R-51, 52, 53 & 37, UPSIDC, Sikandrabad (UP)                                                                                                                                                 ",SIKANDRABAD,203205,TRUE
SIRSA,SIRSA,The Haryana state Cooperative Supply and Marketing Federation LTD. Hafed Dist Sirsa( HR),SIRSA,125055,TRUE
30850635,SKG PLASTICS PVT LTD,"Plot No 267, sector-17, footwear park, Bahadurgarh, Haryana",BAHADURGARH,124507,TRUE
FC Nagpur,Smart FC,"No 471 to 476 Mouza Khumari PS K 12, Khasra No 41-43 Mouza Kokarda Khumari Tehsil Kamleshwar NAGPUR, Maharashtra ",NAGPUR,441502,TRUE
BALAGHAT,Smart Hub Balaghat,"  RRL, Central Warehouse, Godown No 3 Balaghat Waraseoni Road, Garra, Balaghat, Madhyapradesh",BALAGHAT,481001,TRUE
BEAWAR 2,Smart Hub Beawar RRL,"Reliance Retail Limited, Central Warehouse 2,  Front Of Riico Industrial Area, Gram Gohana,  BEAWAR, Rajasthan",BEAWAR,305925,TRUE
BHIND,Smart Hub Bhind RRL,"Central Warehouse,Godown No.1, Lahar Road ,Industrial Area,",BHIND,477001,TRUE
SJ76,Smart Hub Bikaner RRL,"Godown No. 1A, 1B, 1C, 2A, 2B, 2C & 3A, Central Warehouse, Opp. Government Engineering College, Karni Industrial Area Phase- II, Bikaner   ",BIKANER,334004,TRUE
SLC2,SMART HUB DHAR,VILLAGE UTAWAD,PITHAMPUR,454001,TRUE
SLHA,Smart Hub Jhansi FCPL,Smart Hub Jhansi FCPL,JHANSI,284001,TRUE
SLEI,"SMART HUB KOTA, RRL","CWC Warehouse, Road No. 1, Indraprasth Ind. Area, Near Dakania Railway Station, Kota",KOTA,324005,TRUE
SKML,SMART HUB MUNDKA,MUNDKA,DELHI,110041,TRUE
SHEOPUR KA,Smart Hub Sheopur Kalan,RRL Central Warehouse Godown no 6 Sheopur kalan II Khatouli Road Jaida ,SHAHPUR,476337,TRUE
SI99,Smart Hub Sikar RRL,"CWC Jagmalpura Sikar, Jhigar choti road, Jagmalpura, Post bhadwasi, Sikar, Rajasthan ",SIKAR,332024,TRUE
TNB6,SMART SUZUKI COLONY,BHILWARA,BHILWARA,311001,TRUE
CPC-PUNJAB,Sns waxing plant,"SNS waxing plant, Sayadwala, Abhor, Panjab, ",ABHOR,152116,TRUE
BSB,"SPIN_132103_756  Opp.mehak Farm, Shri Ram Marg,  P","BSB_SPIN_132103_756  Opp.mehak Farm, Shri Ram Marg,  Panipat, HR 132103",PANIPAT,132103,TRUE
60400173,SRESTH PRODUCTS PRIVATE LIMITED,SINGUR,SINGUR,,TRUE
BAREJA,"Sri Jagannath Agro industries, Bareja","Opp. Umiyapura , lali Gam",BAREJA,382425,TRUE
217723652,"SS Enterprises, Faridabad","S.S ENTERPRISES, Plot No.61/1,Sikand Complex; Industrial Area,N.I.T Faridabad",FARIDABAD,121001,TRUE
T2SQ,STORE AJMER,"METRO CASH & CARY C1,PANCHSHEEL SCHEME, MAKARWALI ROAD ,AJMER",AJMER,,TRUE
TNB1,Store Amritsar,"Ajnala road, Mirakot E-grocery FC Ajnala Road",AMRITSAR,143001,TRUE
T5NE,"STORE NAGPUR,Reliance Retail Limited","Survey no 41 42 1 42 2and43 Vill Kakrod,S no 471 1 472 473 474 474 476 Mohpa,PSK12 Gram Pnchyt Khumari Tal Kamleshwar Nagpur- Maharashtra  ",NAGPUR,441502,TRUE
T2QI,STORE Nandurbar,"Ramdevji Warehouse Palashi, Ghuli gaon, Nandurbar",NANDURBAR,425412,TRUE
T5ML,STORE Saharanpur,"3 A B D Central Warehouse Janta Road, Saharanpur Uttar Pradesh ",SAHARANPUR,247001,TRUE
8000962942,STORE SIkar,"CWC Jagmalpura Sikar, Jhigar choti road,Jagma",SIKAR,332024,TRUE
AF_SAMAR_K,"Sumar Logistics And Industrial Park, Nh-8, Ahead O","Kheda, GJ 387411  ",KHEDA,387411,TRUE
32001545,SUMATI POLYFIBERS,"F-2171, RIICO INDUSTRIAL AREA RAMCHANDRAPURA  ",JAIPUR,302022,TRUE
PL-BIKANER,SUN SHINE FOOD PRODUCTS PRIVATE LIMITED,"F-88-89 BICHHWAL INDUSTRIAL AREA, BIKANER, RAJASTHAN  ",BIKANER,334006,TRUE
30850026,"SURVEY NO 216 , SHREE NATH ESTET,MAHADEV COMPLEX","SHAHVADI GAM,NAROL, AHMEDABAD",AHMEDABAD,382405,TRUE
AF_RUHE__A,Survey No. 606 (old Survey No. 1439) Rishi Kiran L,"Ahmedabad, GJ 382213",AHMEDABAD,382213,TRUE
T3FK,Swadesh Store Jamnagar,"Reliance Retail Limited Near ESIC Office Reliance Greens ""Moti Khavdi, Jamnagar",JAMNAGAR,361140,TRUE
ROHTAK,SWASTH AAHAR PVT LTD,"15 K.M. MILE STONE DELHI ROHTAK NATIONAL HIGHWAY NO -10 ,  NEXT TO L.P.S. BOSSARD KHARAWAR ;  DISTT. ROHTAK HARYANA",ROHTAK,124021,TRUE
AF_PLANT_,Swati Park 80 Feet Road,"Rakjot, GJ 360002",RAJKOT,360002,TRUE
RUDRAPUR,SWG INDUSTRIES,"LIMITED,PLOT NO 8, SECTOR-1 II E PANTNAGAR , RUDRAPUR ,  (U.S.NAGAR) UTTARAKHAND, UDHAM SINGH NAGAR,  UTTARANCHAL ",RUDRAPUR,263153,TRUE
10296725,SWG INDUSTRIES LIMITED,"UDHAM SINGH NAGAR,",UDHAM SINGH NAGAR,,TRUE
32181188,TAJ HANDICRAFTS,"108, TAJ NAGARI,PHASE-1 TAJ EAST GATE ROAD, BEHIND TDI MALL,NEAR INDIA LEATHER HOUSE AGRA (UP)  ",AGRA,282001,TRUE
214886512,The Nizam Collection,"627, Kidwai Nagar, Hapur Road",MEERUT,250002,TRUE
SLX9,To RRL MP Ashta JLCH Wh PL DC,"Jeetmal Laxmi Chand Wh Khasra No 128, Bhopal Road Indore Bhopal Highway, Jatakheda Jod Dist Sehore",SEHORE,466116,TRUE
32001302,trends HOSHIARPUR,"Rakesh Ohri,B 4/501, CHHATTA BAZAR, NAIABADI HOSHIARPUR, Punjab",HOSHIARPUR,146001,TRUE
SAMN,Trends Nagpur Kalameshwar DC,"Reliance Retail Limited Sy No 471 to 476, Mouza Khumari, PSK 12 and Survey No41, 42/142/2 and 43 Mouza Kokardi, PSK 12 KALAMESHWAR",KALAMESHWAR,441502,TRUE
32001489,U AND M DESIGNS,"Khasra No. 17/6, Tanawara, Luni Tehsil Jodhpur, Rajasthan, India ",JODHPUR,342013,TRUE
MISC-008,UDAIPUR,UDAIPUR,UDAIPUR,NA,TRUE
10135484,V.L.S. Foods Pvt Ltd,"V.L.S. Foods Pvt Ltd , H-1-1550 Ph-I Rico Indl. Area , Bhiwadi Distt. Alwar , Rajasthan ",BHIWADI,301019,TRUE
10273893,VARK SNACK FOOD PVT. LTD.,"SP 1192 F RIICO INDUSTRIAL AREA PHASE IV, BHIWADI ALWAR, Rajasthan ",ALWAR,301019,TRUE
80016312,VEELINE INDUSTRIES LIMITED,"PLOT NO : A-32, A-33 & A-34 INDUSTRIAL AREA BULANDSHAHR, Sikandrabad - 203206- Uttar Pradesh",BULANDSHAHR,203206,TRUE
3101000583,VIA RETAIL PRIVATE LIMITED,"Arun Plaza, Civil Lines, Bijnor Uttar Pradesh",Bijnor,246701,TRUE
VIDEOTEX,Videotex International PVT LTD,"347-C, Udyog kendra-II, Ecotech-III, G.Noida, U.P",NOIDA,201306,TRUE
30100885,VIDEOTEX INTERNATIONAL PVT. LTD,"VIDEOTEX INTERNATIONAL (P)T LTD.75/4, kASNA 1, ECOTECH-1 EXTENSION 1,Gautam Buddha Nagar, Uttar Pradesh",NOIDA,201310,TRUE
60402277,VIDHYASAGAR PROTIENS PVT LTD,"SARNA DUNAGR INDUSTRIAL AREA, BENAR ROAD JHOTWARA JAIPUR",JAIPUR,302012,TRUE
PL- BAVLA,Vijay Mamra Pvt. Ltd.,"Ahmedabad- Bavla Highway                                  Rajoda, Bavla, Dist. Ahmedabad                                    ",BAVLA,382220,TRUE
VIJAY LUDH,VIJAY VALLABH HOSIERY FACTORY,B-XXIV-3442/2H GALI NO-6 MAHAVIR JAIN COLONY SUNDER NAGAR LUDHIANA PUNJAB   ,LUDHIANA,141007,TRUE
10149446,Vinod Kumar and Brothers Pvt Ltd.,HARIDWAR,HARIDWAR,,TRUE
PL- DEWAS,Vippy Industries Ltd,"28 INDUSTRIAL AREA A. B. ROAD, DEWAS-455001 DEWAS ",DEWAS,455001,TRUE
222589677,VITRAG FABRICS PVT. LTD,HUF VITRAG FABRICS PVT. LTD. F 198 MANDIA ROAD PALI PALI   ,PALI,306401,TRUE
AF_ALOXE_K,"Warehouse-a, New Survey No. 1076, Nr. Om Sai Way B","Kubadthal,  GJ 382430    ",KUCHAMAN CITY,"Kubadthal, GJ 382430",TRUE
30109349,WESTWAY ELECTRONICS LIMITED,"SECTOR 84 GAUTAM BUDDHA NAGAR,A-001D UTTAR PRADESH, INDIA  ",NOIDA,201305,TRUE
10192201,Wings Agro Private Limited,"At: S. No 188, N.H.No.8 -B, Opp. Everest Fertilizer, Amul Casting Street, Veraval (Shapar) Ta. Kotda Sangani, Rajkot (Gujarat)",RAJKOT,360024,TRUE
ROORKEE,WONDER FIBROMATS LIMITED,"KHASRA NO. 105-106, RAIPUR INDUSTRIAL AREA, Bhagwanpur, Roorkee ",ROORKEE,247667,TRUE
AGRA (WF),WORLD FOOTWEAR,18/194 Purani Mandi Tajganj Agra,AGRA,282001,TRUE
KUNDLI,XO FOOTWEAR PVT LTD,"XO Footwear Pvt. Ltd.Plot No. 34B, Sector-57, Phase-IV, HSIIDC Industrial Estate, Kundli Distt. Sonepat, KUNDLI ",KUNDLI,131028,TRUE
YAVATMAL,YAVATMAL,"pt no C 162 C-zone Yavatmal, MIDC Mouza lohara",YAVATMAL,445001,TRUE
33000073,YOUNGMAN WOOLLEN MILLS PVT LTD,VILLAGE SEERA RAHON ROAD LUDHIANA PUNJAB INDIA,LUDHIANA,141007,TRUE
SAFY,YOUSTA Nagpur Kalameshwar DC,YOUSTA Nagpur Kalameshwar DC Reliance Retail Limited Survey No 471 To 476 Mouza Khumari P S K 12 And Survey No 41 42/1 42/2And43 Mouza Kokardi P S K 12 Kalameshwar NAGPUR,KALAMESHWAR,441502,TRUE
JASPUR,"Zippy Edible Products Pvt Ltd,"," Talabpur Thakurdwara road Jaspur, Dist. - U S Nagar, Uttarakhand.",JASPUR,244712,TRUE
ZOBELE,ZOBELE INDIA,"PANCHAL UDYOG NAGAR VILLAGE  BHIMPORE NANI DAMAN  DAMAN & DIU, INDIA",DAMAN & DIU (UT),396210,TRUE
ZYD0,ZYD0 Reliance Retail Limited,8 PLOT NO TC 58 59V ELDECO CORPORATE CHAMBER 2 HASE VIBHUTI KHAND GOMTI NAGAR LUCKNOW ,LUCKNOW,226010,TRUE
,,,,,
,,,,,
,,,,,
,,,,,
,,,,,
,,,,,
,,,,,
,,,,,
,,,,,
,,,,,
,,,,,
,,,,,
,,,,,
,,,,,
,,,,,
,,,,,
,,,,,
,,,,,
,,,,,
,,,,,
,,,,,
,,,,,
,,,,,
,,,,,
,,,,,
,,,,,
,,,,,
,,,,,
,,,,,
,,,,,
,,,,,
,,,,,
,,,,,
,,,,,
,,,,,
,,,,,
,,,,,
,,,,,
,,,,,
,,,,,
,,,,,
,,,,,
,,,,,
,,,,,
,,,,,
,,,,,
,,,,,
,,,,,
,,,,,
,,,,,
,,,,,
,,,,,
,,,,,
,,,,,
,,,,,
,,,,,
,,,,,
,,,,,
,,,,,
,,,,,
,,,,,
,,,,,
,,,,,
,,,,,
,,,,,
,,,,,
,,,,,
,,,,,
,,,,,
,,,,,
,,,,,
,,,,,
,,,,,
,,,,,
,,,,,
,,,,,
,,,,,
,,,,,
,,,,,
,,,,,
,,,,,
,,,,,
,,,,,
,,,,,
,,,,,
,,,,,
,,,,,
,,,,,
,,,,,
,,,,,
,,,,,
,,,,,
,,,,,
,,,,,
,,,,,
,,,,,
,,,,,
,,,,,
,,,,,
,,,,,
,,,,,
,,,,,
,,,,,
,,,,,
,,,,,
,,,,,
,,,,,
,,,,,
,,,,,
,,,,,
,,,,,
,,,,,
,,,,,
,,,,,
,,,,,
,,,,,
,,,,,
,,,,,
,,,,,
,,,,,
,,,,,
,,,,,
,,,,,
,,,,,
,,,,,
,,,,,
,,,,,
,,,,,
,,,,,
,,,,,
,,,,,
,,,,,
,,,,,
,,,,,
,,,,,
,,,,,
,,,,,
,,,,,
,,,,,
,,,,,
,,,,,
,,,,,
,,,,,
,,,,,
,,,,,
,,,,,
,,,,,
,,,,,
,,,,,
,,,,,
,,,,,
,,,,,
,,,,,
,,,,,
,,,,,
,,,,,
,,,,,
,,,,,
,,,,,
,,,,,
,,,,,
,,,,,
,,,,,
,,,,,
,,,,,
,,,,,
,,,,,
,,,,,
,,,,,
,,,,,
,,,,,
,,,,,
,,,,,
,,,,,
,,,,,
,,,,,
,,,,,
,,,,,
,,,,,
,,,,,
,,,,,
,,,,,
,,,,,
,,,,,
,,,,,
,,,,,
,,,,,
,,,,,
,,,,,
,,,,,
,,,,,
,,,,,
,,,,,
,,,,,
,,,,,
,,,,,
,,,,,
,,,,,
,,,,,
,,,,,
,,,,,
,,,,,
,,,,,
,,,,,
,,,,,
,,,,,
,,,,,
,,,,,
,,,,,
,,,,,
,,,,,
,,,,,
,,,,,
,,,,,
,,,,,
,,,,,
,,,,,
,,,,,
