Customer Name,GST Category,GSTIN / UIN,PAN
ADITI LOGISTICS,Unregistered,,
AMAZON SELLER SERVICES,Unregistered,29AAICA3918J1ZE,AAICA3918J
ARP LOGISTICS (NAGPUR),Unregistered,,
BHARDWAJ CONTAINER SERVICE (AHMEDABAD),Unregistered,,
BOMBAY TRANSPORT CORPORATION OF INDIA,Unregistered,,
CHIRAG TRANSPORT SERVICE (AHMADABAD),Unregistered,,
KASHIRAJ TRANSPORT SERVICE (BHIWANDI),Unregistered,,
KRISHNA CARGO MOVER (INDORE),Unregistered,,
KURESHI TRANSPORT,Unregistered,,
MAA BHAWANI CONTAINER SERVICE (ASLALI),Unregistered,,
MAHESHWARI TRANSPORT (NAGPUR),Unregistered,,
MANSI FREIGHT CARRIERS,Unregistered,,
MARUTI CARGO ( PUSHPENDRA UDAIPUR),Unregistered,,
MAULI KRUPA TRANSPORT SERVICES (PUNE),Unregistered,,
NARAYAN MURTHY TRANSPORT COMPANY (MUMBAI),Unregistered,,
NEW KOHLI ROADLINES (JABALPUR),Unregistered,,
PAL PARIVAHAN (AHMEDABAD),Unregistered,,
PAREEK TRANSPORT (ASLALI),Unregistered,,
QWIK SUPPLY CHAIN PVT. LTD.,Unregistered,,AAACF5232A
RAGHVENDA TRANSPORT COMPANY (BHOPAL),Unregistered,,
RAM ROADWAYS (AHMEDABAD),Unregistered,,
RAMDOOT ROADWATS,Unregistered,,
RAVI CARRYING CORPORTION (VADODARA),Unregistered,,
RELIANCE RETAIL LTD - ANDHRA PRADESH,Unregistered,37AABCR1718E1ZO,AABCR1718E
RELIANCE RETAIL LTD - ARUNACHAL PRADESH,Unregistered,,AABCR1718E
RELIANCE RETAIL LTD - ASSAM,Unregistered,18AABCR1718E1ZO,AABCR1718E
RELIANCE RETAIL LTD - BIHAR,Unregistered,10AABCR1718E1Z4,AABCR1718E
RELIANCE RETAIL LTD - CHANDIGARH,Unregistered,04AABCR1718E1ZX,AABCR1718E
RELIANCE RETAIL LTD - CHHATISGARH,Unregistered,22AABCR1718E1ZZ,AABCR1718E
RELIANCE RETAIL LTD - DADAR & NAGAR HAVELI,Unregistered,26AABCR1718E1ZR,AABCR1718E
RELIANCE RETAIL LTD - DAMAN & DIU (UT),Unregistered,0,AABCR1718E
RELIANCE RETAIL LTD - DELHI,Unregistered,07AABCR1718E1ZR,AABCR1718E
RELIANCE RETAIL LTD - GOA,Unregistered,30AABCR1718E1Z2,AABCR1718E
RELIANCE RETAIL LTD - GUJARAT,Unregistered,24AABCR1718E1ZV,AABCR1718E
RELIANCE RETAIL LTD - HARYANA,Unregistered,06AABCR1718E1ZT,AABCR1718E
RELIANCE RETAIL LTD - HIMACHAL PRADESH,Unregistered,02AABCR1718E1Z1,AABCR1718E
RELIANCE RETAIL LTD - JAMMU & KASHMIR,Unregistered,01AABCR1718E1Z3,AABCR1718E
RELIANCE RETAIL LTD - JHARKHAND,Unregistered,20AABCR1718E1Z3,AABCR1718E
RELIANCE RETAIL LTD - KARNATAKA,Unregistered,29AABCR1718E1ZL,AABCR1718E
RELIANCE RETAIL LTD - KERALA,Unregistered,32AABCR1718E1ZY,AABCR1718E
RELIANCE RETAIL LTD - MADHYA PRADESH,Unregistered,23AABCR1718E1ZX,AABCR1718E
RELIANCE RETAIL LTD - MAHARASHTRA,Unregistered,27AABCR1718E1ZP,AABCR1718E
RELIANCE RETAIL LTD - MANIPUR,Unregistered,14AABCR1718E1ZW,AABCR1718E
RELIANCE RETAIL LTD - MEGHALAYA,Unregistered,17AABCR1718E1ZQ,AABCR1718E
RELIANCE RETAIL LTD - MIZORAM,Unregistered,,AABCR1718E
RELIANCE RETAIL LTD - NAGALAND,Unregistered,13AABCR1718E1ZY,AABCR1718E
RELIANCE RETAIL LTD - ODISHA,Unregistered,21AABCR1718E1Z1,AABCR1718E
RELIANCE RETAIL LTD - PUDUCHERRY,Unregistered,34AABCR1718E1ZU,AABCR1718E
RELIANCE RETAIL LTD - PUNJAB,Unregistered,03AABCR1718E1ZZ,AABCR1718E
RELIANCE RETAIL LTD - RAJASTHAN,Unregistered,08AABCR1718E1ZP,AABCR1718E
RELIANCE RETAIL LTD - SIKKIM,Unregistered,11AABCR1718E1Z2,AABCR1718E
RELIANCE RETAIL LTD - TAMILNADU,Unregistered,33AABCR1718E1ZW,AABCR1718E
RELIANCE RETAIL LTD - TELANGANA,Unregistered,36AABCR1718E1ZQ,AABCR1718E
RELIANCE RETAIL LTD - TRIPURA,Unregistered,16AABCR1718E1ZS,AABCR1718E
RELIANCE RETAIL LTD - UTTAR PRADESH,Unregistered,09AABCR1718E1ZN,AABCR1718E
RELIANCE RETAIL LTD - UTTARAKHAND,Unregistered,05AABCR1718E1ZV,AABCR1718E
RELIANCE RETAIL LTD - WEST BENGAL,Unregistered,19AABCR1718E1ZM,AABCR1718E
RIYA ASSOCIATES (ANIL PANDIT),Unregistered,,
S R GROUP (GURGAON),Unregistered,,
SACHIN SUNIL CHOKHANDRE (SINGLE OWNER) (NAGPUR),Unregistered,,
SANDEEP TRANSPORT (NAGPUR),Unregistered,,
SANJAY RODLINE (UDAIPUR),Unregistered,,FTHPM3384N
SARASWATI ROADWAYS (AHMEDABAD),Unregistered,,
SHAKTI CARGO MOVERS (NAVI MUMBAI),Unregistered,,
SHIV ROAD CARRIERS (NAGPUR),Unregistered,,
SHREE BL LOGISTICS (VADODARA ),Unregistered,,
SHREE CHAKRADHAR TRANSPORT (PUNE),Unregistered,,
SHREE MAA CARGO TRANSPORT,Unregistered,,
SHREE MAHADEV ROADLINES (INDORE),Unregistered,,
SHREE SHYAM FREIGHT CARRIERS,Unregistered,,
SINGH ROAD CARRIER (RAJU BHAI - BHIWANDI),Unregistered,,
STAR ROAD CARRIER AS CONTAINER SERVICES (NAGPUR),Unregistered,,
TIWARI ROADLINES (NAGPUR),Unregistered,,
TULSI ROADWAYS (AHMEDABAD),Unregistered,,
UDAY TRANSPORT CORPORATION (BHOPAL),Unregistered,,
UTKARSH ROADLINE (BHOPAL),Unregistered,,
VS LOGISTICS (MUMBAI ),Unregistered,,
,,,
